Title,kinopoiskId,Year,Rating Kinopoisk
1+1,535341,2011,8.861
Джентльмены,1143242,2019,8.679
Гнев человеческий,1318972,2021,7.72
Брат,41519,1997,8.373
Волк с Уолл-стрит,462682,2013,8.103
Достать ножи,1188529,2019,8.191
Зеленая книга,1108577,2018,8.547
Холоп 2,5047468,2023,7.168
Остров проклятых,397667,2009,8.562
Брат 2,41520,2000,8.299
По щучьему велению,4959134,2023,7.76
Батя,1326397,2020,7.89
Один дома,8124,1990,8.282
Иван Васильевич меняет профессию,42664,1973,8.793
Операция «Ы» и другие приключения Шурика,42782,1965,8.75
Бойцовский клуб,361,1999,8.68
Переводчик,927898,2022,7.906
Анора,5405057,2024,6.427
Легенда,839954,2015,7.267
Любовь и голуби,45146,1984,8.293
Аватар,251733,2009,8.0
Кракен,4476147,2025,7.693
Холоп,1183582,2019,7.189
Интерстеллар,258687,2014,8.677
Пчеловод,4626783,2024,7.251
Побег из Шоушенка,326,1994,9.111
Гарри Поттер и философский камень,689,2001,8.3
Начало,447301,2010,8.671
Зеленая миля,435,1999,9.078
Субстанция,4860213,2024,6.281
Области тьмы,462606,2011,8.031
Пираты Карибского моря: Проклятие Черной жемчужины,4374,2003,8.386
Вышка,4542208,2022,6.763
Операция «Фортуна»: Искусство побеждать,1405508,2022,7.16
Джентльмены удачи,44386,1971,8.557
Форрест Гамп,448,1994,8.921
Законопослушный гражданин,406408,2009,8.063
Веном,463634,2018,6.942
Иллюзия обмана,522892,2013,7.793
Бриллиантовая рука,46225,1968,8.57
"Кавказская пленница, или Новые приключения Шурика",44745,1966,8.521
Титаник,2213,1997,8.389
Леон,389,1994,8.671
Мажор в Сочи,5078983,2022,7.224
Паразиты,1043758,2019,8.052
Москва слезам не верит,46708,1979,8.442
Мстители: Война бесконечности,843649,2018,8.115
Август,1234808,2025,7.812
Девчата,44168,1961,8.56
Граф Монте-Кристо,5452393,2024,8.122
Достучаться до небес,32898,1997,8.646
Криминальное чтиво,342,1994,8.657
Поезд в Пусан,977288,2016,7.235
Кентавр,5235968,2023,7.777
Пятый элемент,2656,1997,8.184
Мстители: Финал,843650,2019,7.934
"Поймай меня, если сможешь",324,2002,8.529
Дюна,409424,2021,7.678
Служебный роман,43869,1977,8.332
Последний богатырь,976642,2017,7.237
Горничная,6750360,2025,7.652
Министерство неджентльменских дел,4414587,2024,7.327
Джанго освобожденный,586397,2012,8.256
Драйв,276598,2011,7.244
Чебурашка,4370148,2022,7.516
Матрица,301,1999,8.499
Т-34,930878,2018,6.97
Темный рыцарь,111543,2008,8.537
Беспринципные в деревне,5129252,2023,6.671
Стражи Галактики,689066,2014,7.86
Майор Гром: Чумной Доктор,1109271,2021,7.292
Легенда №17,601564,2012,8.055
Гладиатор,474,2000,8.592
Батя 2. Дед,5427621,2025,7.634
Джон Уик 4,1267348,2023,7.625
Исчезнувшая,692861,2014,7.967
Мастер,5450038,2025,7.021
Терминатор 2: Судный день,444,1991,8.424
Хатико: Самый верный друг,387556,2008,8.383
Доктор Стрэндж,409600,2016,7.537
Гарри Поттер и узник Азкабана,322,2004,8.254
Лучшее предложение,681849,2012,8.061
Мстители,263531,2012,7.895
Властелин колец: Братство кольца,328,2001,8.631
Дэдпул,462360,2016,7.585
Беляковы в отпуске,5582621,2024,7.346
Бесславные ублюдки,9691,2009,8.035
Железный человек,61237,2008,7.984
Ford против Ferrari,835086,2019,8.233
Пираты Карибского моря: Сундук мертвеца,63991,2006,8.151
Гарри Поттер и Тайная комната,688,2002,8.152
Назад в будущее,476,1985,8.648
Счастливое число Слевина,86326,2005,8.156
Конёк-Горбунок,1045583,2021,7.34
Шерлок Холмс,420923,2009,8.061
Дьявол носит Prada,104992,2006,7.725
Триггер. Фильм,4958668,2023,6.36
Марсианин,841700,2015,7.772
Однажды в… Голливуде,1047883,2019,7.696
Джокер,1048334,2019,7.996
Баба Яга спасает мир,4536580,2023,7.3
Престиж,195334,2006,8.515
Один дома 2: Затерянный в Нью-Йорке,5928,1992,8.037
Сто лет тому вперёд,1334852,2024,7.634
Такси,14349,1998,8.032
Домовенок Кузя,5304528,2024,7.717
Круэлла,804662,2021,7.591
Большой куш,526,2000,8.556
Гарри Поттер и Дары Смерти: Часть II,407636,2011,8.173
Во всё тяжкое,1047881,2018,7.325
Властелин колец: Возвращение короля,3498,2003,8.686
Иван Васильевич меняет всё,5394690,2023,6.574
Шоу Трумана,4541,1998,8.283
Пираты Карибского моря: На краю света,102124,2007,8.072
Главный герой,1199100,2021,7.365
Догмен,4922959,2023,7.755
Первому игроку приготовиться,538225,2018,7.442
Властелин колец: Две крепости,312,2002,8.626
Всё везде и сразу,1322324,2021,7.191
Валериан и город тысячи планет,689960,2017,7.013
Хоббит: Нежданное путешествие,278522,2012,8.118
Бременские музыканты,5047464,2023,7.327
"Ирония судьбы, или С легким паром!",77331,1975,8.204
Алита: Боевой ангел,88173,2019,7.231
Время,517988,2011,7.292
Движение вверх,840817,2017,7.601
Укрощение строптивого,63912,1980,8.419
Люди в чёрном,1091,1997,8.045
Гарри Поттер и Кубок огня,8408,2005,7.983
Огниво,5230101,2024,7.651
Далласский клуб покупателей,260162,2013,7.95
Вторая жизнь Уве,848894,2015,8.28
Иллюзия обмана 2,786958,2016,6.89
Лулу и Бриггс,1355139,2021,7.443
Дурак,808639,2014,8.111
Славные парни,841152,2016,7.3
Игра в имитацию,635772,2014,7.808
Семь,377,1995,8.303
Константин: Повелитель тьмы,3793,2005,7.879
Лига справедливости Зака Снайдера,1387021,2021,7.806
Человек-паук,838,2002,7.776
Омерзительная восьмерка,819101,2015,8.012
Чарли и шоколадная фабрика,38905,2005,7.651
Жмурки,84830,2005,7.305
Живая сталь,88198,2011,7.675
В бой идут одни «старики»,25108,1973,8.736
Дивергент,582101,2014,6.788
Мажор. Фильм,1445143,2021,7.069
Вызов,4448519,2023,7.887
Молчание ягнят,345,1990,8.332
Маска,6039,1994,7.989
Грань будущего,505851,2014,7.944
Огонь,1183599,2020,8.145
Одержимость,725190,2013,8.365
Довод,1236063,2020,7.525
Век Адалин,522876,2015,7.915
Брюс Всемогущий,39577,2003,7.746
Исходный код,409295,2011,7.78
"Карты, деньги, два ствола",522,1998,8.56
Еретик,5942378,2024,6.657
Человек-паук: Вдали от дома,1008445,2019,7.412
Джон Уик,762738,2014,7.036
Линкольн для адвоката,461939,2011,7.99
12 лет рабства,606646,2013,7.955
Я – легенда,195524,2007,7.874
Отель «Гранд Будапешт»,683999,2014,7.957
Гарри Поттер и Принц-полукровка,89515,2009,7.856
Гарри Поттер и Орден Феникса,48356,2007,7.853
Тор: Рагнарёк,822709,2017,7.716
Выстрел в пустоту,910353,2015,7.791
Трасса 60,3563,2001,8.139
Постучись в мою Тверь,5428537,2024,7.087
Загадочная история Бенджамина Баттона,81555,2008,8.076
Список Шиндлера,329,1993,8.851
Груз 200,259251,2007,6.804
Гордость и предубеждение,81733,2005,8.151
Аквамен,470178,2018,6.832
Стражи Галактики. Часть 2,841263,2017,7.784
Отряд самоубийц,468522,2016,6.104
Оно,453397,2017,7.301
День сурка,527,1993,8.14
Эффект бабочки,5167,2003,8.168
Три тысячи лет желаний,1209527,2022,7.263
Kingsman: Секретная служба,749540,2015,7.684
Игры разума,530,2001,8.537
Темный рыцарь: Возрождение легенды,437410,2012,8.172
Черный ящик,1368311,2020,7.599
Отпуск по обмену,104927,2006,7.859
Гарри Поттер и Дары Смерти: Часть I,276762,2010,7.915
Лёд 3,5275429,2024,8.206
По соображениям совести,649917,2016,8.247
Папины дочки. Новогодние,5417822,2023,7.817
Добро пожаловать в семью,4317395,2021,7.491
Дэдпул 2,961715,2018,7.422
День курка,1101569,2019,7.186
Предложение,321842,2009,7.67
Мастер и Маргарита,1115471,2023,7.614
Балканский рубеж,1000443,2019,8.183
Ворошиловский стрелок,41442,1999,8.015
Отступники,81314,2006,8.458
Адвокат дьявола,3797,1997,8.177
Алиса в Стране чудес,6218104,2025,6.335
Фантастические твари и где они обитают,797840,2016,7.607
Последний богатырь: Корень зла,1249172,2020,7.457
Король говорит!,485311,2010,8.064
Послезавтра,2053,2004,7.673
Голодные игры,468581,2012,7.269
Богемская рапсодия,568289,2018,8.023
Царевна-лягушка,5518231,2025,7.361
Оружейный барон,77439,2005,7.744
Выживший,522941,2015,7.875
Чего хотят женщины,880,2000,7.827
Вечное сияние чистого разума,5492,2004,8.048
Пеле: Рождение легенды,803422,2015,8.47
Джон Уик 2,885658,2017,7.209
Бегущий по лезвию 2049,589290,2017,7.824
Основатель,893245,2016,7.619
Дело храбрых,965754,2017,8.309
Еще по одной,1263705,2020,7.565
Красотка,8125,1990,8.03
Голосовой помощник,7029912,2025,7.265
Терминал,6877,2004,8.123
Железный человек 2,411924,2010,7.455
Телохранитель киллера,835877,2017,7.117
Человек-паук: Нет пути домой,1309570,2021,7.928
Лекарь: Ученик Авиценны,645276,2013,8.108
Веном 2,1227967,2021,6.214
Собачье сердце,77335,1988,8.446
Великий Гэтсби,463724,2013,7.947
Игра,12198,1997,8.254
Бумер,57166,2003,7.104
9 рота,84674,2005,6.851
Шан-Чи и легенда десяти колец,1219149,2021,7.3
Железный человек 3,462762,2013,7.447
Риддик,455767,2013,6.796
Хоббит: Пустошь Смауга,408876,2013,8.035
Крушение,1338502,2022,7.161
Пассажиры,470689,2016,7.243
Горыныч,5921010,2025,6.858
Пианист,355,2002,8.473
В погоне за счастьем,104938,2006,8.269
Материнский инстинкт,4967684,2024,7.15
Приключения Паддингтона 2,906042,2017,8.263
Семь жизней,395787,2008,8.21
Книга Илая,424266,2009,7.194
Экипаж,839818,2016,7.86
"Артур, ты король",1402937,2024,8.285
В августе 44-го,41381,2001,8.358
Кунг-фу жеребец,4632862,2023,7.955
Апгрейд,1009784,2018,7.633
"Я, робот",4886,2004,7.829
Джон Уик 3,1009536,2019,7.05
Тор,258941,2011,7.091
"Три билборда на границе Эббинга, Миссури",944098,2017,8.136
Дом странных детей Мисс Перегрин,648440,2016,6.91
Ла-Ла Ленд,841081,2016,8.047
Уроки фарси,1209777,2020,7.969
О чём говорят мужчины,468102,2010,7.86
Назад в будущее 2,5502,1989,8.318
Жизнь Дэвида Гейла,738,2002,8.124
Реальные упыри,818981,2014,7.455
Маме снова 17,5367009,2024,7.526
Мстители: Эра Альтрона,679830,2015,7.258
Дневник памяти,3561,2004,8.256
Злой город,1237984,2025,7.712
Гренландия,1164520,2020,7.012
Никто,1309596,2021,7.378
Люси,760326,2014,6.765
Непосредственно Каха!,1345717,2020,4.628
Васаби,14288,2001,7.811
Война миров Z,261636,2013,7.019
Балерина,1047492,2025,7.215
Я худею,842037,2018,6.901
Обливион,470185,2013,7.229
Старикам тут не место,195434,2007,7.826
Реквием по мечте,367,2000,8.023
Последний богатырь: Посланник Тьмы,1272246,2021,7.227
Иллюзия обмана 3,915178,2025,7.109
Зависнуть в Палм-Спрингс,1245524,2020,7.303
Малефисента,496849,2014,7.237
Солнцестояние,1178137,2019,6.417
Амели,341,2001,8.041
Малышка на миллион,81297,2004,8.168
Сумерки,401177,2008,6.707
Подольские курсанты,1191022,2020,8.408
Безумный Макс: Дорога ярости,453406,2015,7.845
Иллюзионист,102198,2005,8.021
Василий,5377802,2024,6.995
Крестный отец,325,1972,8.709
Револьвер,18973,2005,7.334
Форсаж,666,2001,7.827
Звук свободы,1134493,2023,8.122
Грязь,467293,2013,7.655
Прибытие,718811,2016,7.645
Пираты Карибского моря: На странных берегах,427076,2011,7.314
Чёрная Пантера,623250,2018,6.654
Прислуга,470553,2011,8.247
Небриллиантовая рука,5454852,2024,6.489
Голодные игры: И вспыхнет пламя,602373,2013,7.476
Небо,1421591,2021,8.326
Трансформеры,81288,2007,7.606
"Знакомьтесь, Джо Блэк",5059,1998,8.08
Алиса в Стране чудес,405609,2010,7.133
Ван Хельсинг,3491,2004,7.607
Хоббит: Битва пяти воинств,694633,2014,7.912
Мальчишник в Вегасе,426004,2009,7.874
Человек-паук: Возвращение домой,690593,2017,7.167
Гонка,596125,2013,8.132
Невероятные приключения Шурика,9026160,2025,6.435
Баба Яга спасает Новый год,5958246,2024,7.503
Реальная любовь,6144,2003,7.958
Треугольник печали,1348487,2022,6.497
Первый мститель: Противостояние,822708,2016,7.411
Волшебник Изумрудного города. Дорога из жёлтого кирпича,5047471,2024,7.106
Варкрафт,277328,2016,7.638
Пираты Карибского моря: Мертвецы не рассказывают сказки,575180,2017,6.695
Родные,1274271,2021,7.433
Стажёр,677893,2015,7.659
Группа крови,5364887,2025,8.308
Хэнкок,102151,2008,7.409
Великий уравнитель,196707,2014,7.108
Туда,6440213,2025,7.44
Апокалипсис,160977,2006,8.07
Онегин,5117258,2024,7.399
Человек дождя,519,1988,8.235
Мотылёк,939411,2017,7.936
2012,413447,2009,6.906
На деревню дедушке,6441870,2025,7.722
Призрак,839960,2015,7.111
Изгой,627,2000,8.256
Дневник Бриджит Джонс,621,2001,7.441
Человек-паук 3: Враг в отражении,82441,2007,7.129
Аладдин,1007049,2019,7.297
Дракула,5456450,2025,6.996
Такси 2,854,2000,7.784
Мумия,4484,1999,7.832
Звёздные войны: Эпизод 3 – Месть ситхов,5619,2005,8.128
Дружить по-русски!,1246627,2019,7.132
Мажор в Дубае,6299421,2025,6.687
Шестое чувство,395,1999,8.184
Отряд самоубийц: Миссия навылет,1008477,2021,6.683
Тело,609349,2012,7.34
Калашников,1188248,2020,7.907
Сплит,930534,2017,7.048
Добро пожаловать в Zомбилэнд,427122,2009,7.42
Облачный атлас,464484,2012,7.765
Бэтмен: Начало,47237,2005,7.933
Троя,3442,2004,8.065
Одиннадцать друзей Оушена,770,2001,8.08
Майор Гром: Игра,5249455,2024,7.463
Последний охотник на ведьм,506066,2015,6.273
Мой любимый враг,1282222,2021,7.116
Убойные каникулы,485261,2010,7.694
Джунгли,893843,2017,7.168
Папины дочки. Мама вернулась,8240803,2025,7.912
"Два, три, демон, приди!",4948328,2022,6.437
Бриджит Джонс. Без ума от мальчишки,5504100,2025,7.242
Первый мститель,160946,2011,6.736
Мистер и миссис Смит,12090,2005,7.552
Няньки,18120,1994,7.229
Человек-паук 2,2898,2004,7.368
Сказка о царе Салтане,5406497,2025,6.797
Звёздные войны: Эпизод 1 – Скрытая угроза,6695,1999,7.924
Новый Человек-паук,278217,2012,6.946
Пролетая над гнездом кукушки,336,1975,8.508
Капитан Марвел,843859,2019,6.486
Мементо,335,2000,7.871
Опасная игра Слоун,933307,2016,8.034
Социальная сеть,427198,2010,7.724
Своя война. Шторм в пустыне,1395461,2021,7.476
Не одна дома,5368248,2023,7.61
Пол: Секретный материальчик,427855,2011,7.237
Назад в будущее 3,7103,1990,8.195
Рай под ногами матерей,5459137,2024,8.578
Американская история X,382,1998,8.293
Бегущий в лабиринте,575613,2014,6.83
12 стульев,46789,1971,8.307
Всегда говори «ДА»,391772,2008,7.81
Серебряные коньки,1225587,2020,7.857
Приключения Паддингтона,463897,2014,7.302
Знакомство родителей,5333364,2025,7.409
Господин Никто,232785,2009,7.917
После,1098154,2019,6.096
План побега,463686,2013,7.135
Красотка на всю голову,1074222,2018,6.892
Тихое место,1044906,2018,6.842
Терминатор,507,1984,7.984
Логан,807682,2017,7.676
Привидение,1991,1990,8.18
Воздух,1311129,2023,6.863
Чёрная Вдова,823956,2021,6.304
Непослушная,5189350,2023,5.82
Отель Мумбаи: Противостояние,958519,2018,8.058
Чудо,722951,2017,8.234
Планета Ка-Пэкс,723,2001,8.079
Убийство в Восточном экспрессе,817969,2017,6.901
Чёрный лебедь,278273,2010,7.745
Принц Персии: Пески времени,195394,2010,7.325
Прометей,467099,2012,7.022
Яга на нашу голову,6638233,2025,7.887
Моё прекрасное несчастье,4700336,2022,6.572
Материалистка,5446941,2025,6.447
Мы — Миллеры,582170,2013,7.249
Кин-дза-дза!,44811,1986,8.14
Мизантроп,1263902,2022,7.12
Телохранитель на фрилансе,4850165,2023,6.766
Механик,195615,2010,6.794
Я иду искать,1198736,2019,6.933
Первый мститель: Другая война,676266,2014,7.267
Мальчик в полосатой пижаме,281251,2008,8.19
Невидимый гость,959365,2016,7.904
Отпетые мошенницы,428711,2019,6.526
Тор 2: Царство тьмы,595938,2013,7.217
Люди в чёрном 3,455773,2012,7.249
Чебурашка. Выходной,5431615,2023,8.177
Морозко,46701,1964,8.141
Семь психопатов,586584,2012,7.337
Убить Билла,2717,2003,7.731
Третий лишний,507817,2012,6.727
Меч короля Артура,824437,2017,7.173
Боги Египта,682886,2016,6.234
Эквилибриум,309,2002,7.883
Невидимая сторона,450213,2009,8.194
Мира,1227997,2022,7.484
Молодой человек,4400203,2022,7.274
Плагиатор,4728560,2025,7.361
Семьянин,664,2000,7.976
Чужой,386,1979,8.078
Метро,521689,2012,7.218
Девушка с татуировкой дракона,491724,2011,7.755
Крепкий орешек,471,1988,8.045
Ветреная река,958442,2016,7.699
Шерлок Холмс: Игра теней,474953,2011,7.856
Миллионер из трущоб,413362,2008,7.796
Звёздные войны: Эпизод 4 – Новая надежда,333,1977,8.107
Пиджак,47382,2004,7.763
Игра на понижение,501333,2015,7.387
...А зори здесь тихие,43395,1972,8.589
Афоня,43423,1975,8.161
Лёд 2,1227963,2020,7.674
Голодные игры: Сойка-пересмешница. Часть I,661911,2014,6.348
В джазе только девушки,356,1959,8.45
Реинкарнация,1112132,2018,6.359
Унесённые ветром,456,1939,8.512
Неприличные гости,5325609,2024,6.528
Разрушение,842493,2015,7.207
Сонная Лощина,5622,1999,7.929
Храброе сердце,399,1995,8.293
Левша,573990,2015,7.492
Один день,495518,2011,7.872
Простая просьба,1068627,2018,7.016
Олдбой,75871,2003,8.053
Тренер,981230,2018,7.234
Фантастические твари: Преступления Грин-де-Вальда,843479,2018,6.716
1941. Крылья над Берлином,4533880,2022,7.645
Знамение,102510,2009,6.906
Кухня в Париже,795847,2014,6.882
Приключения Шерлока Холмса и доктора Ватсона: Собака Баскервилей,77263,1981,8.67
Большой Лебовски,555,1998,7.814
Стрелок,257898,2007,7.67
Гром: Трудное детство,4771048,2023,7.127
Шальная императрица,9082975,2025,7.631
Человек-муравей,195496,2015,7.094
Уикенд с батей,4477067,2023,7.09
Мой парень – псих,462938,2012,7.209
Спасти рядового Райана,371,1998,8.188
Хранители,252641,2009,7.692
"Гангстер, коп и дьявол",1177510,2019,7.322
Ночной дозор,79850,2004,6.299
Братья,253761,2009,7.358
До встречи с тобой,807318,2016,7.308
Малыш на драйве,902939,2017,7.193
Жизнь Пи,158786,2012,7.831
Люди в чёрном 2,6379,2002,7.315
Ярость,740644,2014,7.397
Оппенгеймер,4664634,2023,8.09
Запах женщины,4871,1992,8.445
Роднина,5089019,2025,8.286
Джуманджи: Зов джунглей,695609,2017,6.915
Район №9,397494,2009,7.772
Невероятная жизнь Уолтера Митти,6034,2013,7.73
Монах и бес,742184,2016,7.236
Шерлок Холмс и доктор Ватсон: Знакомство,77269,1979,8.627
Большая игра,976636,2017,7.84
Залечь на дно в Брюгге,276295,2007,7.79
Охота на воров,916105,2018,7.281
Искупление,255611,2007,8.068
Буратино,5354680,2025,7.044
Другие,494,2001,7.921
Kingsman: Золотое кольцо,906654,2017,6.968
Типа крутые легавые,93377,2007,7.668
Одаренная,929348,2017,7.955
Сергей Орлов. Переходный возраст,11385623,2026,8.752
Хоккейные папы,4920181,2023,8.312
Гран Торино,408410,2008,8.142
Рок-н-рольщик,378140,2008,7.839
2+1,934130,2016,7.451
Обитель проклятых,572035,2014,7.284
Братья,5995316,2024,6.13
Мистер Нокаут,1234853,2022,7.686
Каникулы строгого режима,417840,2009,7.099
Не смотрите наверх,1338480,2021,7.476
Звёздные войны: Эпизод 5 – Империя наносит ответный удар,338,1980,8.138
Джон Картер,77540,2012,6.93
Любовь Советского Союза,5047469,2024,7.348
Лёд,900052,2017,7.032
Большой Стэн,231150,2007,7.068
Бешеные псы,394,1991,8.112
Пленницы,455194,2013,7.811
Белая птица: Новое чудо,4384109,2023,8.42
Баба Мороз и тайна Нового года,5368179,2023,7.621
Круиз по джунглям,462059,2021,6.835
Пятьдесят оттенков серого,688832,2015,4.421
Сёстры,41109,2001,7.81
Звёздные войны: Эпизод 2 – Атака клонов,844,2002,7.985
Тихоокеанский рубеж,546915,2013,6.968
"Хроники Нарнии: Лев, колдунья и волшебный шкаф",48162,2005,7.316
Люди Икс: Дни минувшего будущего,597687,2014,7.728
Форсаж 7,754481,2015,7.033
Золото,577255,2016,7.424
Правила съема: Метод Хитча,77454,2005,7.782
Парфюмер: История одного убийцы,78378,2006,7.715
Невозможное,518037,2012,8.026
Майор Гром: Чумной Доктор. Расширенная версия,4742878,2021,7.85
От заката до рассвета,4815,1995,7.796
Прочь,944708,2017,7.15
Форсаж: Хоббс и Шоу,1044450,2019,6.334
"Дом, который построил Джек",942396,2018,7.017
Джуманджи,8161,1995,7.889
Время,1379090,2021,6.364
Домовой,1111102,2019,7.354
Битва за Севастополь,742026,2015,7.708
Солнцепек,4518766,2021,7.319
Свободные отношения,4533254,2022,6.927
Из Парижа с любовью,427202,2009,7.295
Командир,5277148,2023,7.873
Особенности национальной охоты,7653,1995,7.944
Мир Юрского периода,594554,2015,6.885
Она,577488,2013,7.661
Вася не в себе,5257393,2023,6.996
Воин,442568,2011,8.059
Бар «МоскваЧики»,5368403,2024,6.47
Сияние,409,1980,7.787
Ограбление на Бейкер-Стрит,77649,2008,7.421
"Красивый, плохой, злой",726805,2018,6.992
Белое солнце пустыни,46066,1969,8.185
Чрезвычайная ситуация,1297211,2021,7.279
"Человек, который изменил всё",432791,2011,7.752
Аферистка,1248786,2020,6.844
Побег из Претории,1055528,2020,7.209
500 дней лета,409372,2009,7.647
Джуманджи: Новый уровень,1112539,2019,6.665
Механик: Воскрешение,837525,2016,6.17
Звёздные войны: Эпизод 6 – Возвращение Джедая,447,1983,8.152
Самый пьяный округ в мире,461972,2012,7.461
Город грехов,77443,2005,7.867
Люди Икс: Начало. Росомаха,104904,2009,7.379
Офицеры,42736,1971,8.568
300 спартанцев,81924,2007,7.649
Форсаж 5,496943,2011,7.618
Зодиак,102838,2007,7.33
Астрал,495892,2010,6.805
Поехавшая,4686066,2023,7.957
Самая обаятельная и привлекательная,43602,1985,8.276
Спеши любить,875,2002,7.931
Война,41431,2002,8.208
Иди и смотри,42571,1985,8.354
Чемпион мира,1249233,2021,7.822
Обитель зла,801,2002,7.562
Пипец,419200,2010,6.923
Они сражались за Родину,42770,1975,8.562
Семейный переполох,5352587,2024,7.385
Звёздные войны: Пробуждение силы,714888,2015,7.06
Трансформеры: Месть падших,373391,2009,7.14
Быстрее пули,1392550,2022,7.688
Александр,4721,2004,7.237
Новый Человек-паук: Высокое напряжение,602409,2014,6.742
Глубоководный горизонт,607737,2016,7.276
Майор Пэйн,21503,1995,7.628
Брестская крепость,436263,2010,8.146
Патруль,584405,2012,7.739
Летчик,1405968,2021,7.75
28 дней спустя,577,2002,7.423
Грабитель с крыши,979438,2025,7.154
Дом Gucci,1449368,2021,7.172
Три мушкетёра: Д’Артаньян,4368100,2023,7.03
Матрица: Перезагрузка,299,2003,7.744
100 вещей и ничего лишнего,1121377,2018,7.267
Такси 3,14339,2003,7.184
Стекло,1044601,2019,6.59
Дело Коллини,1179501,2019,8.041
Лицо со шрамом,4695,1983,8.171
Оно 2,686898,2019,6.553
Гравитация,468466,2013,7.447
Малефисента: Владычица тьмы,916498,2019,7.074
Люди Икс: Первый класс,462358,2011,7.657
Чужие,406,1986,8.063
127 часов,484878,2010,7.652
Наша Russia. 8 марта,6267717,2025,6.552
Охота,647671,2012,7.947
Столкновение,61297,2004,7.799
Тайна 7 сестер,484628,2017,6.85
"С любовью, Рози",512784,2014,7.804
Простоквашино,5498755,2025,6.815
Человек-муравей и Оса,935940,2018,6.959
Фокус,680824,2014,7.08
"Добро пожаловать, или Посторонним вход воспрещен",44238,1964,8.322
Притяжение,840250,2017,5.841
Почему он?,930000,2016,6.729
Заклятие,468994,2013,7.335
Петля времени,463354,2012,7.023
Ученик чародея,429739,2010,6.851
Неудержимые,432550,2010,6.91
Экзамен,418762,2009,6.98
Пока не сыграл в ящик,258885,2007,8.059
Люби их всех,1142667,2019,7.176
Отель «Белград»,1206431,2020,6.887
Вечера на хуторе близ Диканьки,45694,1961,8.328
Платформа,1134778,2019,7.085
Лев,864138,2016,8.206
Три метра над уровнем неба,523362,2010,7.099
Великолепная поездка,4542189,2022,8.337
Джек Ричер,417583,2012,7.188
Ночь в музее,178580,2006,7.041
Курьер,45028,1986,8.048
Легенда о Коловрате,844118,2017,7.136
Люди Икс,886,2000,7.676
Агенты А.Н.К.Л.,518042,2015,7.556
Волк и лев,1304482,2021,8.003
Берегись автомобиля,46089,1966,8.239
Хэппи-энд,994530,2020,7.146
Казнь,1405778,2022,7.418
Голая правда,398239,2009,7.575
Вспомнить всё,2443,1990,7.711
В списках не значился,6224943,2025,7.603
Крик тишины,1228407,2019,8.569
Эдвард руки-ножницы,8421,1990,7.988
Сквозь снег,566283,2013,6.76
Одна жизнь,5105855,2023,8.533
Шпион,782792,2015,7.118
Робот по имени Чаппи,591485,2015,7.19
Астерикс и Обеликс: Миссия Клеопатра,595,2002,7.323
Город бога,439,2002,8.009
Война миров,81289,2005,7.102
Салют-7,893506,2017,7.84
Красота по-американски,351,1999,7.996
Человек из стали,252667,2013,6.939
Притворись моей женой,490323,2011,7.27
Маленькие женщины,807339,2019,7.821
Мачо и ботан,413080,2012,7.032
Гарри Поттер 20 лет спустя: Возвращение в Хогвартс,4716622,2022,8.047
Авиатор,5148793,2025,6.817
Невероятные приключения итальянцев в России,46421,1973,8.116
Вне/себя,655435,2015,7.033
Бэтмен против Супермена: На заре справедливости,770631,2016,6.762
Соник в кино,1016160,2020,6.709
Отличница лёгкого поведения,463046,2010,6.9
Заложница,276376,2007,7.895
Жизнь прекрасна,381,1997,8.63
Кибердеревня. Новый год,5413371,2023,7.78
"Не грози Южному Централу, попивая сок у себя в квартале",4807,1995,7.204
Мег: Монстр глубины,918627,2018,5.945
Как Витька Чеснок вёз Лёху Штыря в дом инвалидов,909700,2017,7.198
Телохранитель жены киллера,1125418,2020,6.867
Анчартед: На картах не значится,468373,2022,6.816
Трансформеры 3: Тёмная сторона Луны,452899,2011,6.85
Профиль,1112447,2018,7.308
Тройной форсаж: Токийский дрифт,106079,2006,6.926
Убежище,6548103,2026,7.172
Секс по дружбе,505811,2011,7.128
Анна,1049727,2019,6.727
Умница Уилл Хантинг,539,1997,8.095
Люди Икс: Апокалипсис,814016,2016,6.969
Судья,588672,2014,7.867
"Дивергент, глава 2: Инсургент",762225,2015,6.156
Свадьба в Малиновке,44045,1967,8.262
Мгла,273302,2007,7.603
Стрингер,760815,2013,7.353
Мэр поневоле,6332966,2025,6.912
Впритык,464282,2010,7.228
Шеф Адам Джонс,716595,2015,6.944
Синистер,590022,2012,6.688
Сердце пармы,1045585,2022,7.566
Карнавальная ночь,44720,1956,8.22
Зов предков,1060511,2020,7.666
Очень плохая училка,465673,2011,6.311
Дориан Грей,415663,2009,6.893
«V» значит Вендетта,86208,2006,7.823
Американский психопат,588,2000,7.152
Сайлент Хилл,78871,2006,7.18
Паркер,586475,2012,6.79
Солдатик,1254051,2018,8.232
В метре друг от друга,1151373,2019,7.414
1408,195563,2007,7.703
Бойфренд из будущего,662596,2013,7.912
К себе нежно,5462453,2026,7.332
На Луне,1311137,2019,7.189
Не одна дома 2,6359318,2025,7.875
Хищник,6303,1987,7.9
Форсаж 6,594736,2013,6.993
Сумерки. Сага. Новолуние,420224,2009,5.975
Красный призрак,1115648,2020,7.241
Полосатый рейс,43104,1961,8.1
Форсаж 9,964318,2021,5.717
Беги,6403229,2025,7.442
Турист,4446084,2021,7.628
Новая тёща,6167819,2026,7.22
Хроники хищных городов,493271,2018,6.232
Мимино,46638,1977,8.247
Муви 43,432725,2013,5.028
Соловей против Муромца,5203757,2025,7.19
Гнев,6889,2004,7.976
Как прогулять школу с пользой,1032308,2017,8.278
Скотт Пилигрим против всех,105948,2010,7.261
Снегирь,4485219,2023,7.121
Евротур,5090,2004,7.608
Призрачный патруль,462454,2013,6.384
Гадкая сестра,7229988,2025,6.602
Левиафан,705356,2014,7.008
Бамблби,952241,2018,6.737
Двойной форсаж,323,2003,7.204
Бесконечность,1238476,2021,6.322
Убить Билла 2,47015,2004,7.637
Интервью с вампиром,8151,1994,7.948
Ничего хорошего в отеле «Эль Рояль»,1047143,2018,7.149
Судья Дредд,437678,2012,6.932
Мост в Терабитию,78753,2006,7.803
Борат,102474,2006,6.745
Месть от кутюр,762750,2015,7.344
Левша,6553075,2026,7.302
Матрица: Революция,316,2003,7.635
Пальма 2,4666604,2024,8.169
Милые кости,51319,2009,7.135
Общество мертвых поэтов,4996,1989,8.262
Код Да Винчи,77711,2006,7.314
Не может быть!,46368,1975,8.3
Самый Новый год!,1445155,2020,7.234
Парк Юрского периода,7121,1993,7.834
"Лжец, лжец",1721,1997,7.764
Жизнь других,126196,2006,8.131
Кровью и потом: Анаболики,596227,2013,6.495
Любовь зла,5458881,2024,7.133
Темные воды,1228069,2019,7.91
"Кожа, в которой я живу",462737,2011,7.297
Донни Дарко,410,2001,7.601
Основной инстинкт,2441,1992,7.774
Другой мир,8033,2003,7.563
Особенности национальной рыбалки,40895,1998,7.593
Боец,279580,2010,7.786
Том и Джерри,468562,2021,6.724
Элизиум: Рай не на Земле,487409,2013,6.635
РЭД,450237,2010,7.191
Артек. Большое путешествие,1291197,2021,7.646
Дом у озера,102130,2006,7.851
Любой ценой,726794,2016,7.233
Догвилль,7226,2003,8.028
Охота на воров 2: Пантера,1115213,2025,7.269
Армагеддон,2941,1998,7.78
Бёрдмэн,722827,2014,7.665
Сестрёнка,1178267,2019,8.4
Громкая связь,1142619,2018,7.106
"Дивергент, глава 3: За стеной",817931,2016,5.822
Голодные игры: Баллада о змеях и певчих птицах,1289334,2023,7.293
Не говори никому,22936,2006,7.371
Чудо-женщина,102383,2017,6.767
Мортал Комбат,8062,2021,6.168
Эйс Вентура: Розыск домашних животных,2868,1993,7.777
Аватар: Путь воды,505898,2022,7.725
Мальдивы подождут,5079082,2022,6.495
Падение империи,4968810,2023,6.337
Царство небесное,2602,2005,7.671
Очень страшное кино,5932,2000,6.991
Мальчишник 2: Из Вегаса в Бангкок,455338,2011,7.14
Поезд в Пусан 2: Полуостров,1183571,2020,6.083
Мумия,677638,2017,5.791
Предчувствие,195239,2007,7.274
Одержимость,23737,2004,7.816
Поступь хаоса,634786,2021,6.537
Форсаж 8,894027,2017,6.243
Последний самурай,6764,2003,8.093
Таксист,1008113,2017,8.243
Полночь в Париже,504465,2011,7.761
Вам и не снилось...,45660,1980,8.331
Аритмия,992605,2017,7.789
Бордерлендс,968031,2024,6.47
Поезд на Юму,78240,2007,7.781
СамоИрония судьбы,5215602,2022,6.503
Самогонщики,43608,1962,8.368
Гаттака,5012,1997,7.969
Блиндаж,5089021,2024,7.206
Подмена,279880,2008,7.929
Рэмпейдж,666865,2018,6.184
Пророк. История Александра Пушкина,1346361,2024,7.132
Сноуден,843831,2016,7.215
Сумерки. Сага. Рассвет: Часть 2,527662,2012,6.594
В плену стихии,792166,2023,7.358
Конец славы,5089024,2023,6.835
Барби,478052,2023,6.55
Неудержимые 2,571288,2012,6.989
Гарфилд,8932,2004,6.823
Шазам!,840372,2019,6.687
Дедушка легкого поведения,585585,2015,6.271
Звездный путь,255129,2009,7.769
Пожары,425400,2010,8.085
Мавританец,1289785,2020,7.879
Святые из Бундока,4917,1999,7.942
Королевство полной луны,571892,2012,7.703
Крестный отец 2,327,1974,8.533
Рейд,591792,2011,7.396
Тайное окно,4304,2004,7.17
Невероятный Халк,255380,2008,6.852
Славные парни,350,1990,8.133
Лев Яшин. Вратарь моей мечты,1007986,2019,7.952
Всё могу,568258,2015,6.373
28 панфиловцев,764465,2016,7.658
Форсаж 4,395978,2009,6.937
Особо опасен,259876,2008,6.828
Афера доктора Нока,1009961,2017,7.298
Первый на Олимпе,5501397,2025,8.443
Двухсотлетний человек,7640,1999,8.092
Доктор,5002368,2022,8.207
Расплата,662359,2016,7.435
Жестокие игры,12192,1999,7.835
"Гудбай, Америка",1252962,2020,7.376
Ёлки,493768,2010,6.879
Вселенная Стивена Хокинга,770973,2014,7.939
Дьявол в деталях,1290490,2020,6.56
Плохие парни навсегда,472386,2020,6.709
Каратэ-пацан,412162,2010,7.148
Текст,1234848,2019,6.868
Восхитительно!,1289766,2021,7.691
Выход 8,7519616,2025,6.632
Чебурашка 2,5379012,2025,7.698
Жестокий романс,45314,1984,8.23
Мажоры на мели,1407526,2021,7.146
Покровские ворота,77203,1982,8.326
Сокровища гномов,5518230,2025,7.494
Изгой-один: Звёздные войны. Истории,840152,2016,7.264
Она – мужчина,105053,2005,6.895
Клик: С пультом по жизни,77576,2006,7.088
Крупная рыба,9617,2003,7.976
Астерикс и Обеликс против Цезаря,13845,1999,7.327
Неадекватные люди,542581,2010,7.661
Бумер: Фильм второй,79883,2006,6.207
Дракула,395057,2014,6.623
Трансформеры: Эпоха истребления,651857,2014,6.107
Свадебный переполох,7285,2001,6.941
Взаперти,1179555,2020,6.918
Морской бой,466844,2012,6.642
Покемон. Детектив Пикачу,994864,2019,6.599
Ворон,441406,2024,6.306
Орудия смерти: Город костей,484391,2013,6.17
Иллюзия контроля,1107082,2022,7.036
Круче некуда,1045082,2022,6.906
Ключ от всех дверей,77673,2005,7.328
Погребенный заживо,470656,2010,7.546
Дюна: Часть вторая,4540126,2024,8.177
Тайна в её глазах,5437097,2024,7.022
Бык,1142654,2019,6.949
Хитровка. Знак четырех,5101673,2023,7.082
Неожиданные связи,4992369,2024,7.195
На игле,515,1995,7.962
Уцелевший,462356,2013,7.16
Двадцать одно,195847,2008,7.705
Спортлото-82,43949,1982,7.978
Хеллбой,693331,2019,6.158
Такси 4,258478,2007,6.786
Стрельцов,1167867,2020,7.334
Миссия невыполнима: Последствия,926540,2018,7.326
Перл-Харбор,1957,2001,7.921
Охотники на ведьм,462465,2012,6.601
Собиратель душ,5212124,2023,5.874
Повелитель бури,281040,2008,7.265
Олень,5417693,2024,7.457
Великий уравнитель 2,840294,2018,6.897
Доспехи Бога,24705,1986,7.961
Кухня. Последняя битва,840261,2017,6.281
Сумерки. Сага. Затмение,432423,2010,5.98
Бегущий по лезвию,403,1982,7.747
Дангал,970882,2016,8.705
Стартрек: Возмездие,455165,2013,7.657
Идеальные незнакомцы,925669,2015,7.699
Разрисованная вуаль,102201,2006,7.931
Меняющие реальность,450765,2011,7.373
На гребне волны,1990,1991,7.883
Бэтмен,590286,2022,7.205
Большой,841472,2016,7.315
Дэдпул и Росомаха,1008444,2024,7.341
Доктор Стрэндж: В мультивселенной безумия,1219909,2022,6.507
Очень плохие мамочки,905378,2016,6.496
Тоня против всех,1008385,2017,7.272
Ивановы-Ивановы. Новогодние каникулы,5421975,2023,7.642
Росомаха: Бессмертный,462754,2013,6.485
Особое мнение,496,2002,7.74
Гангстер,252156,2007,7.971
Последний рубеж,683766,2013,6.494
Сводишь с ума,6103378,2025,8.237
Люди Икс 2,298,2003,7.559
Вечные,1198811,2021,6.338
Мемуары гейши,77132,2005,8.015
Наша Russia: Яйца судьбы,416090,2010,4.161
Робин Гуд,278177,2010,7.189
Люди в чёрном: Интернэшнл,693730,2019,6.01
Девять жизней,885349,2016,6.547
Помни меня,461782,2010,7.635
Телепорт,220589,2008,7.04
Жизнь Чака,5406956,2024,7.512
Чудо-женщина: 1984,1046969,2020,6.095
8 подруг Оушена,983177,2018,6.74
Стражи Галактики. Часть 3,1044280,2023,8.058
Рыцарь дня,455188,2010,7.071
Пушки Акимбо,1142604,2019,6.488
Казино Рояль,49844,2006,7.772
Уволить Жору,5091721,2025,7.068
Обитель теней,992500,2017,7.122
Охотники за привидениями,2467,1984,7.963
1917,1171976,2019,7.933
Сталкер,43970,1979,8.103
"Значит, война",497233,2012,7.117
Вики Кристина Барселона,278171,2008,7.148
Купе номер 6,1346514,2021,6.781
Не/смотря ни на что,887535,2017,7.894
Руки Вверх!,6706155,2024,7.584
Обратный отсчет,1254418,2019,6.137
Отец,1262160,2020,7.848
Притворись моим мужем,5428538,2025,6.765
Ёлки-иголки,4694773,2022,7.31
Звёздные войны: Последние джедаи,718223,2017,6.642
Гринч – похититель Рождества,5056,2000,6.847
Земмельвейс,5069690,2023,8.107
Дрянные девчонки,61254,2004,7.006
Приключения Паддингтона 3,988749,2024,7.959
Территория зла,4947994,2023,7.187
Поиск,970196,2018,7.549
Идеальные дни,5283168,2023,7.827
Люди Икс: Последняя битва,61361,2006,7.28
Лига справедливости,424994,2017,6.048
Таксист,358,1976,7.743
Весна на Заречной улице,45748,1956,8.156
Хардкор,778218,2015,7.101
Три орешка для Золушки,1255291,2021,6.776
День выборов,309408,2007,7.947
Падение Луны,988816,2022,6.408
Терминатор: Тёмные судьбы,1025082,2019,5.776
Приглашение к убийству,4746012,2022,6.474
Виноваты звезды,724703,2014,7.811
Летят журавли,7724,1957,8.447
Дикие истории,775727,2014,7.725
Тренер Картер,77531,2005,8.093
Я на перемотке!,5126797,2022,7.588
Дюнкерк,931677,2017,7.274
Мумия возвращается,760,2001,7.421
Ледяной драйв,968501,2021,6.895
Иностранец,618287,2017,7.325
Турист,428715,2010,6.77
После. Глава 2,1281638,2020,6.239
Зять,5313869,2024,6.852
День независимости,2022,1996,7.605
Как отделаться от парня за 10 дней,704,2003,7.335
Приключения Буратино,77301,1975,7.927
Под покровом ночи,909898,2016,7.259
Девушка в тумане,1047956,2017,7.043
Цельнометаллическая оболочка,418,1987,8.018
Я – начало,761933,2014,7.618
Пила: Игра на выживание,64187,2004,7.835
Starперцы,468571,2013,7.018
Zомбилэнд: Контрольный выстрел,489414,2019,6.69
Хищные птицы: Потрясающая история Харли Квинн,1111004,2020,5.884
F1,5003510,2025,8.165
Сокровище нации,61333,2004,7.673
Перевозчик,6206,2002,7.42
Духless,395372,2011,6.686
Конклав,4987361,2024,7.279
Работа без авторства,959606,2018,8.095
Красавица и чудовище,744987,2017,6.775
Хулиганы,77444,2005,8.016
Черепашки-ниндзя,461206,2014,6.195
Идентификация Борна,619,2002,7.77
Самый лучший день,843784,2015,4.716
Как взломать экзамен,5095615,2024,7.44
13-й район,81522,2004,7.601
Околофутбола,705162,2013,6.738
Голодные игры: Сойка-пересмешница. Часть II,663715,2015,6.605
Семейный бюджет,1301880,2021,6.67
Блеф,10179,1976,8.24
Из глубины,4745604,2024,6.12
8 миля,581,2002,7.726
Рэмбо: Первая кровь,4087,1982,7.887
Хищник,840829,2018,5.737
Что гложет Гилберта Грейпа,4466,1993,7.942
Банды Нью-Йорка,678,2002,7.74
Ангелы и Демоны,257401,2009,7.454
Комната,798068,2015,7.62
В центре внимания,834394,2015,7.68
Скрытые фигуры,966036,2016,7.972
Без меня,1049103,2018,7.19
Марли и я,279850,2008,7.848
Малавита,682669,2013,6.961
Сумерки. Сага. Рассвет: Часть 1,432424,2011,5.915
Охотники за разумом,8091,2004,7.543
Хористы,51481,2004,8.34
Донбасс. Окраина,1199529,2018,7.427
Повелитель ветра,1253841,2023,7.701
Чужой: Завет,695548,2017,6.089
Трансформеры: Последний рыцарь,811609,2017,5.756
Страсти Христовы,3707,2004,7.97
Лекарство от здоровья,915111,2017,6.439
После. Глава 3,1406473,2021,6.175
Время ведьм,197243,2010,6.215
Сапожник,801924,2014,6.446
Зомби по имени Шон,64021,2004,7.295
Дождливый день в Нью-Йорке,1047626,2019,7.194
Шерлок Холмс и доктор Ватсон: Кровавая надпись,77265,1979,8.482
Кто я,779602,2014,7.423
Служанка,851960,2016,7.707
Моя жена – киллер,4987450,2023,6.317
12 обезьян,502,1995,7.797
Собачья жизнь,571896,2017,8.127
Сталинград,468196,2013,5.765
Адреналин: Высокое напряжение,397541,2009,6.309
Мрачные тени,395060,2012,6.641
Воздушный маршал,606826,2014,7.22
Тарас Бульба,161104,2009,6.684
Судьба человека,44027,1959,8.523
Вокзал для двоих,45822,1982,8.231
Команда «А»,96452,2010,7.399
Проект X: Дорвались,507440,2012,7.043
Непрощенный,1045777,2018,7.092
Невезучие,14287,2003,7.794
После. Долго и счастливо,1411988,2022,6.26
Ночная смена,1045170,2018,6.784
Красное уведомление,1115099,2021,6.563
Мой папа — медведь,6561460,2025,8.081
Многоэтажка,4841224,2022,7.109
Тревожный вызов,674295,2013,7.262
Сердцеедки,692,2001,7.235
Пункт назначения,668,2000,7.469
Рыцари справедливости,1345158,2020,7.352
Три плюс два,46792,1963,8.166
Географ глобус пропил,653696,2013,7.353
Магия лунного света,759558,2014,7.069
Индиана Джонс и последний крестовый поход,472,1989,8.075
Матрица: Воскрешение,1294123,2021,5.704
Рядовой Чээрин,4418992,2021,7.452
Купи меня,980839,2017,6.351
Час пик,6345,1998,7.754
Зеркала,263447,2008,7.057
Ангел-А,160929,2005,7.797
Секрет,1196157,2018,7.673
Горько!,718558,2013,5.342
Эверест,739642,2015,7.202
Сволочи,103414,2006,6.703
Двенадцать друзей Оушена,18294,2004,7.65
Перси Джексон и похититель молний,403986,2010,6.238
Мальчик в девочке,195272,2006,6.841
Знакомство с родителями,750,2000,7.541
"Суини Тодд, демон-парикмахер с Флит-стрит",81845,2007,7.699
Счастье в конверте,1234939,2019,8.533
Багровый пик,721153,2015,6.687
Терминатор 3: Восстание машин,319,2003,6.769
Дневной дозор,79925,2005,6.164
Недруги,963016,2017,7.447
Без лица,4606,1997,7.794
Ип Ман 4,634254,2019,7.978
Верность,1261581,2019,6.224
Лабиринт Фавна,103733,2006,7.578
Луна 2112,406671,2009,7.559
Дополнительный урок,1451292,2022,7.058
Евгений Чебатков: Человек-слепень,7484786,2025,8.207
Элвин и бурундуки,278361,2007,6.269
Заводной апельсин,391,1971,7.884
Схватка,571,1995,8.057
Человек с бульвара Капуцинов,45463,1987,8.143
Дастур,5425709,2023,7.08
Плохие парни,3908,1995,7.665
Защитник,523057,2012,6.787
007: Координаты «Скайфолл»,408871,2012,7.427
Поворот не туда: Наследие,1200179,2020,6.194
Форма воды,977743,2017,6.87
Хищники,460523,2010,6.501
О чём ещё говорят мужчины,502733,2011,6.852
Война невест,272225,2009,6.888
Ванильное небо,870,2001,7.578
Экстрасенсы,463070,2014,7.034
Знакомство с Факерами,61439,2004,7.112
Доктор Лиза,1254059,2020,8.363
Папе снова 17,395066,2009,7.135
Живое,966995,2017,6.569
Любовь и другие лекарства,463695,2010,6.925
Стиляги,395690,2008,6.892
Бабушка лёгкого поведения,981105,2017,5.247
Завод,993591,2018,7.187
Страх и ненависть в Лас-Вегасе,4385,1998,7.616
Не пойман – не вор,103785,2006,7.775
Малхолланд Драйв,466,2001,7.685
10 причин моей ненависти,11130,1999,7.838
Бегущий в лабиринте: Испытание огнём,842673,2015,6.176
Люди Икс: Тёмный Феникс,1012431,2019,5.938
"Девушка, подающая надежды",1236567,2020,6.848
Афера по-американски,635177,2013,6.949
Сделано в Америке,837552,2017,7.322
Алиса в Зазеркалье,723988,2016,6.742
Восстание планеты обезьян,463738,2011,7.404
Родители строгого режима,4907342,2022,7.227
Однажды в Америке,469,1983,8.28
Праведник,4484927,2023,8.077
Оторва,311497,2008,7.073
Джонни Д.,400599,2009,7.05
Американский пирог,5129,1999,7.218
Воспоминания об убийстве,65770,2003,7.656
Индиана Джонс: В поисках утраченного ковчега,339,1981,7.984
Остров,81291,2005,7.508
Веном: Последний танец,4766559,2024,6.585
Терминатор: Генезис,436225,2015,6.412
Обратная связь,1331265,2020,7.205
Герцогиня,393872,2008,7.669
Тихая гавань,557437,2013,7.224
Бладшот,512673,2020,5.854
Спасатели Малибу,468940,2017,5.943
Дорога,395523,2009,7.188
Самый быстрый Indian,81512,2005,8.194
Последний клиент,5041233,2022,7.083
Великая стена,611822,2016,6.215
Эта дурацкая любовь,493992,2011,7.587
Однажды в Вегасе,317889,2008,7.243
Тор: Любовь и гром,1282688,2022,5.968
Другая женщина,665315,2014,6.784
Где наши деньги?,6099741,2024,6.869
Назови меня своим именем,979148,2017,7.632
Телефонная будка,305,2002,7.638
Хроники Риддика,5900,2004,7.37
Ганнибал,686,2001,7.759
Казино,2494,1995,8.133
Страшно красив,450470,2011,6.261
Сплетение судеб,4948870,2023,8.087
Проект «Конец света»,1382256,2026,8.39
Гренландия 2: Миграция,4476433,2026,6.463
Легенда о Зелёном Рыцаре,1209476,2020,6.191
Пассажир,497011,2018,6.882
Профессионал,39259,1981,8.152
Горбатая гора,77647,2005,7.61
Тот самый Мюнхгаузен,77283,1979,8.391
Трон: Наследие,399959,2010,6.898
Холодное лето пятьдесят третьего...,7660,1987,8.287
Пиксели,651628,2015,5.9
Пацанская история,5118247,2022,7.3
Прошлой ночью в Нью-Йорке,426952,2009,7.168
Перелом,220617,2007,7.661
Чтец,325439,2008,7.953
Босиком по мостовой,81584,2005,7.905
Идентификация,708,2003,7.576
Дежавю,102328,2006,7.813
Тайна печати дракона,840758,2019,5.997
50 первых поцелуев,1794,2004,7.327
Мы из будущего,260315,2008,7.204
День радио,402979,2008,7.717
Звёздные войны: Скайуокер. Восход,718222,2019,6.054
Удовольствие,1163904,2021,5.565
Учитель на замену,535337,2011,7.835
Искусственный разум,594,2001,7.924
"Ешь, молись, люби",454522,2010,6.932
Диодорова. Против течения,7605663,2024,8.506
Лобстер,819846,2015,7.039
Убийца,817324,2015,7.214
Грязные танцы,1996,1987,8.061
Звездный десант,6025,1997,7.581
Полтора шпиона,472105,2016,6.358
Девять ярдов,883,2000,7.745
Капернаум,1118042,2018,8.16
Терминатор: Да придёт спаситель,160932,2009,6.762
Кредо убийцы,690615,2016,5.804
Достать ножи: Стеклянная луковица,1343908,2022,6.854
Тупой и еще тупее,5185,1994,7.237
Между небом и землёй,85182,2005,7.653
Хороший год,77596,2006,7.725
За бортом,16115,1987,8.007
Глубже!,1199625,2020,6.438
После нашей эры,577285,2013,5.842
Красные огни,570134,2011,6.946
Хижина в лесу,419209,2011,6.706
Бегущий в лабиринте: Лекарство от смерти,896631,2018,6.311
Звонок,804,2002,7.249
Финист. Первый богатырь,5230098,2024,7.451
Заплати другому,782,2000,8.078
Золушка,533954,2015,7.106
Авиатор,6374,2004,7.599
Пробуждение,2950,1990,8.421
Простушка,552698,2015,6.479
Джейн Эйр,463437,2011,7.417
Землетрясение,463694,2010,8.055
"Варвара-краса, длинная коса",45665,1970,8.216
Игра Эндера,568687,2013,6.694
Стриптизёрши,1200603,2019,6.306
Тринадцать друзей Оушена,251879,2007,7.738
Водный мир,8165,1995,7.642
Пальма,1142206,2020,8.398
Психиатрическая больница Конджиам,1112153,2018,6.345
Ширли-мырли,41047,1995,7.609
Железная хватка,462553,2010,7.616
Бриджит Джонс: Грани разумного,48173,2004,7.173
Лотерея,5411604,2024,6.929
Римские каникулы,497,1953,8.294
Питер FM,252063,2006,7.149
Семейка Аддамс,5293,1991,7.696
Бункер,588786,2011,7.104
Охотники за головами,526812,2011,7.588
Диктатор,518040,2012,6.52
Он — дракон,840258,2015,6.895
Четыре комнаты,4250,1995,7.734
Нефть,196604,2007,7.855
Морфий,398099,2008,7.223
Билли Эллиот,610,2000,8.063
Двое: Я и моя тень,25171,1995,7.406
365 дней,1298149,2020,5.073
"Хороший, плохой, злой",349,1966,8.518
Хроники Нарнии: Принц Каспиан,243596,2008,6.947
Нелюбовь,963346,2017,7.394
Криминальный город,1045942,2017,7.335
Домовенок Кузя 2,5501396,2026,7.785
Кинг Конг,5908,2005,7.608
После. Навсегда,4542838,2023,6.438
Удивительное путешествие доктора Дулиттла,1042726,2020,6.41
Один день в Стамбуле,5379163,2024,6.584
Ной,596001,2014,6.657
Шпионский мост,840884,2015,7.484
Куда приводят мечты,15139,1998,7.928
Кокаин,616,2001,7.965
Шоколад,636,2000,7.866
Из машины,197532,2014,7.122
Ламборгини: Человек-легенда,969760,2022,6.682
Шаг вперед,167491,2006,7.619
Скала,2333,1996,7.944
Факультет,3547,1998,7.296
Таинственная река,3730,2003,7.784
Кухня со звездами,4948912,2023,7.739
Гараж,44467,1979,8.136
Охота за тенью,8177573,2025,7.885
28 недель спустя,197615,2007,6.945
Окулус,680499,2013,6.462
Конг: Остров черепа,843147,2017,6.498
Невероятный мир глазами Энцо,470191,2019,8.27
Каникулы президента,1047726,2018,6.314
Призрак в доспехах,843789,2017,6.429
Белый плен,79204,2005,8.118
Нечто,8366,1982,7.939
Чародеи,79450,1982,8.007
Не время умирать,706019,2020,7.067
Одинокий рейнджер,461981,2013,6.788
Новогодний шеф,5306496,2023,7.566
Хоть раз в жизни,596208,2013,7.398
Призрачный гонщик,3948,2007,6.344
Одноклассники,450345,2010,6.818
Карина,5503483,2024,8.008
Мир Юрского периода 2,924311,2018,6.243
Призрачный гонщик 2,391886,2012,4.981
Дорогой Джон,415687,2010,7.241
Светская жизнь,893362,2016,6.987
Дитя человеческое,6803,2006,7.343
Бендер: Начало,1305913,2021,7.066
мама!,938643,2017,7.103
По любви,5515407,2024,7.158
Время первых,885316,2017,7.476
Мистер Блейк к вашим услугам,4860001,2023,7.559
Операция «Панда»,6092619,2024,7.565
Пропавшая,4510739,2022,6.497
Однажды в Ирландии,484474,2011,7.636
Легенды «Орлёнка»,4517052,2021,7.729
Маша и Медведи,6060146,2025,7.617
Клаустрофобы,1065805,2019,6.797
Пара из будущего,1405926,2021,7.027
Транс,586399,2013,7.15
Убежище,403783,2010,6.86
Дом из песка и тумана,7611,2003,7.738
Снайпер,683919,2014,7.023
Красный Дракон,798,2002,7.801
Апокалипсис сегодня,354,1979,8.149
Боб Тревино поставил лайк,7144323,2024,8.134
…А в душе я танцую,84014,2004,8.102
RRR: Рядом ревёт революция,1115117,2022,7.991
Полицейский с Рублевки. Новогодний беспредел,1161783,2018,6.524
Звездная пыль,197863,2007,7.711
"Свой среди чужих, чужой среди своих",44062,1974,8.223
Догма,6437,1999,7.684
Перевозчик 3,409159,2008,6.699
Экипаж,592203,2012,7.432
Парни со стволами,602749,2016,6.983
Лемони Сникет: 33 несчастья,6035,2004,7.265
Омар в большом кино,6719083,2024,7.935
Пляж,6871,2000,7.375
Я делаю шаг,4886624,2023,7.834
Эксперимент «Ведьма»,1278912,2022,6.935
Не шутите с Zоханом!,280826,2008,6.615
Неуязвимый,866,2000,7.109
Багровые реки,805,2000,7.402
О чём говорят мужчины. Простые удовольствия,5045951,2023,7.106
По половому признаку,1073213,2018,7.797
Другой мир 2: Эволюция,77441,2005,7.034
Приключения Шерлока Холмса и доктора Ватсона: Охота на тигра,368937,1980,8.466
Тело Дженнифер,404510,2009,5.737
Хорошо быть тихоней,523248,2012,7.539
Напролом,496888,2011,6.706
Плохие парни 2,2928,2003,7.653
Адреналин,180609,2006,7.254
Непосредственно Каха. Другой фильм,5236765,2023,2.806
Хан Соло: Звёздные войны. Истории,841277,2018,6.926
Звезда родилась,474935,2018,7.371
На краю,1435858,2022,6.149
Кролик Джоджо,726838,2019,7.946
Уралочка,5421871,2024,6.686
Золотой телёнок,45389,1968,8.248
Моя ужасная няня,77427,2005,7.13
Без компромиссов,464020,2011,6.794
Не дыши,910327,2015,6.669
Жили-были,997480,2017,7.435
Жить,521526,2010,7.295
Интердевочка,42610,1989,7.353
Монгол,84675,2007,7.201
"Шпион, которого не было",4476940,2021,7.189
Чёрный ястреб,612,2001,7.801
О чем говорят незнакомцы,4747499,2023,7.614
Миссия «Серенити»,61455,2005,7.242
Максим Перепелица,46512,1955,8.269
Робин Гуд: Начало,927495,2018,6.118
Инферно,780470,2016,6.498
22 пули: Бессмертный,470658,2010,7.183
Бывшие. Happy end,5091614,2022,7.063
Блэйд,4554,1998,7.292
Легкое поведение,258774,2008,7.692
Красавица,7080290,2025,8.256
Убийца 2. Против всех,938461,2018,7.21
Зачётный препод,771978,2013,7.089
Интуиция,821,2001,7.698
Мачо и ботан 2,672899,2014,6.691
Пила 8,810679,2017,6.123
Хитмен. Последнее дело,5094888,2023,7.66
Проклятие монахини,991225,2018,5.774
Затерянные,5422683,2024,6.931
С широко закрытыми глазами,3608,1999,7.556
Мой дикий друг,1004203,2024,8.445
Жизнь короля,738097,2013,7.896
Стальная хватка,5005446,2023,7.385
В диких условиях,252626,2007,7.91
"Кловерфилд, 10",843463,2016,6.888
Шерлок Холмс и доктор Ватсон: Сокровища Агры,77264,1983,8.443
Схватка,503853,2011,7.049
Неоновый демон,623721,2016,6.091
Профессионал,467166,2011,6.832
Tomb Raider: Лара Крофт,446136,2018,6.203
Мужики!..,46745,1981,8.364
Место под соснами,577673,2012,7.316
Капитан Филлипс,484438,2013,7.606
SuperПерцы,261363,2007,6.953
Ёлки 2,573817,2011,7.032
Нечто,399977,2011,6.464
Треугольник,406403,2009,6.789
Любовь по вызову,4413808,2022,7.23
Вспомнить всё,453374,2012,6.509
Артек. Сквозь столетия,5203768,2025,7.746
47 ронинов,461314,2013,6.759
"День, когда Земля остановилась",280176,2008,6.267
Матч поинт,81530,2005,7.617
К звёздам,768561,2019,6.426
Военный ныряльщик,751,2000,8.087
Чёрная дыра,785,1999,7.587
Астерикс на Олимпийских играх,195319,2008,6.313
Выживут только любовники,565819,2013,7.34
Вий,45771,1967,7.918
Пять ночей с Фредди,952158,2023,5.838
Обыкновенное чудо,77282,1978,8.291
12,222809,2007,7.736
Такси 5,1047736,2018,4.751
Автостопом по галактике,79834,2005,7.083
Тепло наших тел,497077,2013,6.864
Мулан,918722,2020,6.472
Суррогаты,397671,2009,6.895
Я хочу! Я буду!,4493006,2023,6.868
Смертельная битва,22355,1995,7.573
Игрок,614227,2014,6.541
Доспехи Бога 2: Операция Кондор,24701,1991,8.076
На грани,493222,2012,7.149
Марш-бросок,41601,2003,7.261
Ведьмы,279091,2020,5.703
Шерлок Холмс и доктор Ватсон: Смертельная схватка,354799,1980,8.479
Счастливого дня смерти,1012421,2017,6.637
Кейт и Лео,724,2001,7.629
Человек-швейцарский нож,918087,2016,6.822
Ущелье,5098653,2024,7.045
Слова,580639,2012,7.524
}{отт@бь)ч,161085,2006,6.36
Заражение,501821,2011,6.563
Всеведущий читатель,5457758,2025,7.457
Ночь в музее 2,392928,2009,6.575
Викинг,707407,2016,4.659
Легион,426002,2010,5.602
Доктор Сон,1048255,2019,7.265
Стартрек: Бесконечность,734349,2016,6.944
Призрачная красота,915112,2016,7.171
Судная ночь,661022,2013,6.004
Жизнь прекрасна,462515,2011,7.545
Неудержимые 3,696813,2014,6.145
Остров фантазий,462193,2020,5.767
Дом большой мамочки,4537,2000,6.774
Superнянь,777091,2014,6.99
Восточный ветер,703187,2013,8.361
Ультиматум Борна,87672,2007,7.744
Планета обезьян: Революция,646674,2014,7.065
11:14,1978,2003,7.284
Коллекционер,317985,2009,6.644
Угнать за 60 секунд,2011,2000,7.567
Замерзшая из Майами,397672,2008,6.387
Меню,1257264,2022,6.719
Неоспоримый 3,402614,2010,7.779
Визит,838043,2015,6.25
Майор,675498,2013,7.428
Повар на колесах,760763,2014,7.121
Адмиралъ,280938,2008,7.059
Крепкий орешек 2,7374,1990,7.778
Неувольняемый,4294267,2022,7.033
Наркокурьер,1142526,2018,7.272
Зелёный слоник,373314,1999,5.696
Царевна-лягушка 2,7396175,2026,7.419
Лофт,581952,2013,6.843
Белый Бим Черное ухо,46068,1976,8.431
Миссия невыполнима: Протокол Фантом,472362,2011,7.281
Демон внутри,807313,2016,6.474
Через год в это же время,5636663,2024,7.055
Бронкская история,7466,1993,8.095
Море соблазна,1045061,2019,6.437
Дракула,1727,1992,7.781
Мальчишник: Часть III,600847,2013,6.446
"Влюбись в меня, если осмелишься",63920,2003,7.692
В объятиях лжи,738004,2018,6.474
Топ Ган: Мэверик,572032,2022,7.711
Верни её из мёртвых,7239312,2025,6.754
Жених напрокат,61336,2005,7.19
Лучшее во мне,596362,2014,7.291
Начни сначала,652758,2018,6.674
Полицейская академия,21205,1984,7.865
Птичий короб,741214,2018,6.801
Need for Speed: Жажда скорости,678975,2014,6.842
Копы в юбках,682716,2013,6.725
Неоспоримый 4,808701,2016,6.733
Криминальный город 2,1169291,2022,7.6
Как я стал русским,1111720,2018,7.108
Санктум,462669,2010,6.813
Сладкий ноябрь,3795,2001,7.737
Братья Гримм,13469,2005,7.007
Ультраамериканцы,807399,2015,6.29
РЭД 2,582159,2013,6.874
Эйс Вентура 2: Когда зовет природа,3679,1995,7.336
Обитель зла 2: Апокалипсис,24186,2004,6.768
Водитель-олигарх,5089025,2024,6.721
Домовой,5235275,2024,6.053
Годзилла против Конга,965936,2021,6.205
12 разгневанных мужчин,346,1956,8.529
Фантастическая четверка,23263,2005,6.671
Твоё сердце будет разбито,8290235,2026,7.121
Психо,344,1960,8.078
Лысый нянька: Спецзадание,77450,2005,6.673
Ворон,12362,1994,7.879
Мегалодон,4703806,2023,5.613
Семья по-быстрому,1108494,2018,7.468
Еще одна из рода Болейн,195435,2008,7.683
На крючке,387477,2008,7.363
Роковое число 23,178579,2006,7.125
Марти Великолепный,6290547,2025,7.209
Падение Олимпа,673427,2013,6.375
Девушка в поезде,928391,2016,6.639
Свингеры,4449009,2021,6.48
"Гуляй, Вася!",946883,2016,6.67
Аманат,1112632,2022,7.73
Хроники Нарнии: Покоритель Зари,281439,2010,6.887
Анатомия падения,4910679,2023,6.786
Мы купили зоопарк,464413,2011,7.688
Геошторм,597129,2017,5.824
Дневник баскетболиста,6175,1995,7.836
Бриджит Джонс 3,470182,2016,6.908
21 и больше,566387,2013,6.326
Враг государства,3954,1998,7.821
Либерея: Охотники за сокровищами,1398953,2022,6.744
Блондинка в законе,735,2001,6.832
Патруль времени,679924,2013,6.949
Очень страшное кино 2,5931,2001,6.353
Невезучие,20908,1981,8.051
Тихое место 2,1129900,2020,6.614
Тёмная башня,641780,2017,5.815
Крым,984364,2017,2.78
О чём говорят мужчины. Продолжение,1038513,2018,7.011
Величайший шоумен,470173,2017,7.635
Костяной томагавк,715046,2015,6.887
Всё или ничего,77577,2005,7.362
Монстро,374718,2007,6.909
Летучий корабль,1346358,2024,5.868
Место встречи,1059224,2017,7.42
Дом,542484,2011,7.734
Комната желаний,1159556,2018,6.375
Робокоп,7410,1987,7.657
Превосходство Борна,41947,2004,7.695
Калина красная,44691,1973,8.258
Кочегар,500358,2010,6.811
Больше чем секс,502937,2010,6.756
Резня,557837,2011,7.299
Неуловимые мстители,46420,1966,8.114
Завтрак у Тиффани,17721,1961,8.046
Клёвый УLove,5962411,2025,7.002
Во власти стихии,1015040,2018,7.024
Солярис,43911,1972,8.008
Превосходство,687670,2014,6.529
Мечтатели,8043,2003,7.333
Меч короля,4991138,2023,7.713
Ограбление по-итальянски,318,2003,7.574
Миллионер поневоле,4186,2002,6.859
Фарго,402,1995,7.636
Давай разведемся!,1192366,2019,6.252
Клятва,506296,2012,7.523
Крепкий орешек 4.0,9544,2007,7.336
Капитан Фантастик,841147,2016,7.685
От кутюр,1342705,2021,7.081
Патруль. Последний приказ,7481222,2025,7.236
Нокдаун,12244,2005,8.2
Рокки,6462,1976,8.02
Страшные истории для рассказа в темноте,817354,2019,6.324
Битва Титанов,260999,2010,6.096
Явление,279600,2008,6.292
Эффект колибри,607288,2012,6.403
Запрещенный прием,429827,2011,6.559
Меланхолия,484488,2011,7.032
Вор,7651,1997,7.972
Чук и Гек. Большое приключение,1346357,2022,6.629
Соседка,6293,2004,7.08
Дорога перемен,280932,2008,7.476
Бронсон,438272,2008,6.882
Великолепная семерка,682648,2016,6.845
Кто убил BlackBerry,5096161,2023,7.4
Комментируй это,7132188,2026,7.261
Больше чем друг,448311,2010,6.806
Финч,823616,2021,7.203
99 франков,262771,2007,7.283
Отчаянные наследники,5025101,2023,6.882
Все деньги мира,1041617,2017,6.965
"Танцуй, Селёдка!",5134592,2023,7.121
Кадры,666935,2013,7.014
Битлджюс,2389,1988,7.35
Прежде чем я усну,568267,2013,6.78
Черепашки-ниндзя 2,841518,2016,6.109
(Не)искусственный интеллект,5426285,2025,7.804
Чёрная Молния,439906,2009,5.355
Обитель зла 3,88172,2007,6.575
Крик,1807,1996,7.277
А зори здесь тихие...,840754,2015,7.092
Восхождение Юпитер,505966,2015,5.629
Добро пожаловать в семью: Повар из Неаполя,5091058,2023,6.606
Камера 211,416547,2009,7.549
Небесный суд,543331,2011,7.806
Достучаться до небес 2,5404799,2023,7.797
Ржев,1313591,2019,7.219
Жена путешественника во времени,102128,2008,7.654
"Кто Вы, мистер Брукс?",252107,2007,7.219
Два ствола,464290,2013,7.087
Без изъяна,252502,2007,7.356
Грозный папа,1445164,2022,7.274
После прочтения сжечь,309423,2008,6.875
Того,1173444,2019,8.025
Неадекватные люди 2,1189859,2020,7.29
Машинист,5206,2003,7.571
Исход: Цари и боги,484611,2014,6.589
Кикбоксер,28131,1989,7.328
Мы,1122138,2019,6.281
Дети шпионов,841,2001,6.594
Голгофа,666951,2013,7.746
Планета обезьян: Война,819281,2017,7.052
Пенелопа,189651,2006,7.101
Королевство кривых зеркал,44929,1963,8.021
Кровавый алмаз,102376,2006,7.789
Пекло,102245,2007,7.266
"Человек, который познал бесконечность",841613,2015,7.728
Миссия: невыполнима,3961,1996,7.465
Королёк моей любви,5426267,2026,6.548
Афера века,1302575,2020,7.36
В тихом омуте,1152188,2019,6.889
Семейный призрак,5512314,2025,7.46
Законы привлекательности,17643,2003,7.266
Безумно влюблённый,147969,1981,8.154
Вратарь Галактики,841471,2020,5.043
Дюплекс,1796,2003,7.06
Оно приходит за тобой,804697,2014,6.246
Нимфоманка: Часть 1,669260,2013,7.054
Солдаты неудачи,278208,2008,6.842
Мастер меча,1045893,2020,7.561
Миссия невыполнима: Племя изгоев,678549,2015,7.105
Битва за битвой,5437094,2025,6.969
Тронутые,770634,2014,7.166
Вторжение,1045582,2019,6.099
Полночное солнце,924170,2017,7.099
Любовь между строк,1150547,2019,7.13
007: СПЕКТР,678552,2015,6.584
P.S. Я люблю тебя,198028,2007,7.706
Игрушка,57004,1976,8.062
Белоснежка: Месть гномов,544226,2012,6.059
Телохранитель,8143,1992,7.92
Звонок мертвецу,914415,2018,7.055
Эдди «Орёл»,394619,2015,7.669
Разлом Сан-Андреас,652692,2015,6.218
Мой папа — вождь,1249527,2022,6.529
Ловушка времени,920040,2017,6.761
Великая,1390797,2023,7.954
Бивень,786018,2014,5.7
Винни-Пух: Кровь и мёд,4919766,2023,4.458
Страна призраков,1007477,2017,6.782
Нормальный только я,4533827,2021,7.43
Кто там,838926,2014,5.726
Приключения Шерлока Холмса и доктора Ватсона: Король шантажа,368936,1980,8.432
Бендер: Золото империи,4450231,2021,7.016
Оставь это ветру,6382696,2025,7.539
Ип Ман,409507,2008,8.241
Сокровище нации: Книга Тайн,195408,2007,7.449
57 секунд,4946926,2023,6.588
"Гуляй, Вася! Свидание на Бали",1189865,2021,6.359
Приходи на меня посмотреть,40955,2000,8.225
"На солнце, вдоль рядов кукурузы",4729320,2023,7.44
Батальонъ,681881,2014,7.209
По-братски,7921605,2025,7.034
Неизвестный,463135,2011,7.349
Вальдо,1236433,2021,6.862
Охотники за привидениями: Наследники,897725,2021,6.961
Потрошители,391277,2009,7.051
Козырные тузы,182352,2007,7.337
Бедные-несчастные,4396438,2023,7.601
Вниз,6283603,2025,6.072
Землетрясение,839961,2016,7.164
Формула любви,81432,1984,8.275
Американский пирог: Все в сборе,506251,2012,7.116
Рейс навылет,5417580,2024,6.948
Морбиус,1100425,2022,5.622
Рейд 2,669466,2013,7.393
Мой Хатико,4395219,2023,8.541
Мирный воин,87161,2006,7.852
Прошлой ночью в Сохо,1236583,2021,6.853
Фаворитка,938644,2018,7.28
21 мост,1174226,2019,7.057
"Мэри Поппинс, до свидания",77333,1983,8.107
Затерянные в джунглях,5430476,2024,5.838
Пингвины мистера Поппера,463577,2011,6.819
(НЕ)идеальный мужчина,1162847,2019,5.067
Жасмин,675565,2013,7.058
Талантливый мистер Рипли,5558,1999,7.693
На пятьдесят оттенков темнее,893487,2017,5.276
9 1/2 недель,12276,1985,7.261
Чудо на Гудзоне,805650,2016,7.417
Альфа Дог,84451,2005,7.549
Смерть на Ниле,1103803,2020,6.5
Танки,1046545,2018,6.373
Тупой и еще тупее 2,645087,2014,5.81
Солт,447284,2010,6.015
Пророк,87789,2007,7.099
Мышиная охота,6898,1997,7.65
Экипаж,41982,1979,8.219
Парень с нашего кладбища,841830,2015,6.412
Три дня на побег,468958,2010,7.663
Прекрасная эпоха,1207666,2019,7.838
Дворецкий,464446,2013,7.417
Прогулка,829368,2015,7.31
Дедушка нелегкого поведения,998054,2020,6.789
Матрица времени,556944,2016,6.482
Неверная,869,2002,7.335
Тихоокеанский рубеж 2,721154,2018,5.739
Готика,3526,2003,7.072
Заклятие 2,780392,2016,7.075
Земля будущего,596643,2015,6.246
Преисподняя,607928,2016,7.109
Мама,605269,2013,6.428
Ирландец,462305,2019,7.383
Обезьяна,5429990,2025,5.986
Фонтан,81583,2006,7.441
Репродукция,843790,2017,6.373
Аватар: Пламя и пепел,570402,2025,7.576
Смерть ей к лицу,1889,1992,7.59
Белоснежка и охотник,568550,2012,6.058
Малена,747,2000,7.798
Гоголь. Начало,945391,2017,6.207
Великое ограбление поезда,780188,2013,7.265
Неуправляемый,195460,2010,7.305
"Город грехов 2: Женщина, ради которой стоит убивать",103391,2014,6.864
Философы: Урок выживания,591789,2013,5.913
Generation П,104893,2011,6.783
Моё прекрасное несчастье 2,5376381,2023,5.813
Это чертово сердце,1024435,2017,8.024
Бросок кобры,397496,2009,6.287
Оз: Великий и Ужасный,506005,2013,6.26
Большие глаза,573869,2014,7.199
Время вернуться,5580907,2024,7.438
Повелитель стихий,417855,2010,5.231
Дом восковых фигур,64212,2005,6.618
Как стать принцессой,790,2001,7.137
Рестарт,8550516,2025,7.999
Куб,20590,1997,7.218
2001 год: Космическая одиссея,380,1968,7.891
Выбор,843209,2015,7.123
Анна Каренина,575195,2012,6.838
Великий,1208173,2020,7.558
Индиана Джонс и Королевство хрустального черепа,38904,2008,6.847
Враг,673910,2013,6.635
Плохая девочка,5449125,2024,5.951
Несносные боссы,471628,2011,6.842
Дети леса,5900449,2024,7.422
Арахисовый сокол,925389,2019,7.568
Моя вина,5106076,2023,7.22
Война будущего,1283945,2021,6.362
Ты водишь!,759874,2018,6.734
Осенний марафон,42799,1979,8.061
Кладбище домашних животных,279095,2019,5.713
"Столетний старик, который вылез в окно и исчез",648731,2013,7.246
Бандит,1448499,2022,7.282
Та ещё парочка,684983,2019,6.729
Не могу сказать «прощай»,46367,1982,8.41
Путешествие Гектора в поисках счастья,506444,2014,7.303
Аннигиляция,749370,2017,6.693
Безумная свадьба,748663,2014,7.297
Календарь ма(й)я,4963617,2022,7.552
За гранью реальности,961712,2017,5.892
Пальмы в снегу,801868,2015,7.841
Дом с паранормальными явлениями,667667,2013,5.769
Кошачьи миры Луиса Уэйна,1290289,2021,7.46
Синистер. Пожиратель душ,5429847,2024,6.336
Я плюю на ваши могилы,417892,2010,6.252
Дыхание,4715481,2023,7.614
Гранит,4761862,2021,7.529
Джек Ричер 2: Никогда не возвращайся,817245,2016,6.221
Перевозчик 2,77588,2005,6.95
Легенды осени,8827,1994,7.998
Ночные игры,737859,2018,7.028
Что-то не так с Кевином,465543,2010,7.097
Пришельцы,1280694,2022,7.101
Легенда о пианисте,8335,1998,8.154
Власть,1044045,2018,7.204
Тренировочный день,863,2001,7.828
5-я волна,673157,2016,5.166
Корабль в Пусан,4539537,2022,5.912
Про любовь. Только для взрослых,980823,2017,6.831
Посвященный,88078,2014,6.818
Три икса,6032,2002,7.126
Убийство священного оленя,984309,2017,6.83
Скорость,1968,1994,7.783
Отмель,928626,2016,6.339
Падение Лондона,806977,2015,6.112
Рай под ногами матерей 2: Письмо матери,10110798,2025,8.869
Лысый нянь,8613331,2025,7.657
Фантастические твари: Тайны Дамблдора,843772,2022,6.112
Зеленый Фонарь,406294,2011,5.915
Игра Ганнибала,1009626,2018,6.617
Старые шишки,4772436,2021,7.053
История рыцаря,729,2001,7.822
Хеллбой: Герой из пекла,5052,2004,7.029
Письмо Деду Морозу,5203764,2025,6.892
Годзилла,260991,2014,6.141
Молодость,807818,2015,7.261
Хижина,760904,2017,7.209
РобоКоп,416183,2014,6.136
Крепкий орешек 3: Возмездие,8162,1995,7.662
Кольская сверхглубокая,1334853,2020,5.463
Гемини,462851,2019,5.941
Опасные пассажиры поезда 123,400582,2009,7.063
Красный воробей,762500,2018,5.603
"Высоцкий. Спасибо, что живой",522036,2011,6.969
Хитмэн,104901,2007,5.864
Воображариум доктора Парнаса,395058,2009,6.987
Операция «Арго»,462487,2012,7.513
Подозрительные лица,340,1995,7.828
Духless 2,765103,2015,6.718
Неоспоримый 2,102428,2005,7.675
Сомния,798086,2014,6.325
Наёмник,1264721,2022,6.395
Индиана Джонс и Храм судьбы,7122,1984,7.842
Секреты Лос-Анджелеса,363,1997,7.933
Благословите женщину,41239,2003,8.124
Большая игра,261635,2009,7.206
Присцилла: Элвис и я,5160497,2023,6.52
Заложница 2,453544,2012,6.725
Лето 84,1045081,2017,6.913
Братья из Гримсби,817481,2016,6.41
Агент на уикенд,5424446,2024,6.965
За Палыча!,5235230,2023,7.504
Маяк,1114927,2019,7.157
Джобс: Империя соблазна,677798,2013,6.544
Карнавал,44719,1981,8.188
Бес попутал,6299997,2025,6.705
Этерна: Часть первая,4312912,2022,6.14
Выжившая,1048767,2017,6.02
Приключения Реми,1108571,2018,8.334
Я – Четвертый,468872,2011,6.412
"Я, снова я и Ирэн",4619,2000,7.216
Копы в глубоком запасе,462466,2010,6.706
Мышиный переполох,8591149,2025,7.659
Киллеры,429257,2010,6.335
Лара Крофт: Расхитительница гробниц,3950,2001,6.832
Таинственный лес,47018,2004,7.139
Академия вампиров,535429,2014,5.887
Кошмар на улице Вязов,5198,1984,7.673
Незваные,279129,2008,6.998
Женщина в черном,498707,2012,6.479
Пандорум,422882,2009,7.057
Очень плохие мамочки 2,1008582,2017,6.317
Саранча,838049,2013,6.48
Очень страшное кино 3,5002,2003,6.238
Призрачная шестёрка,1128272,2019,6.165
Проклятый путь,548,2002,7.629
Обитель зла: Возмездие,581493,2012,5.31
Из моего окна,4442784,2022,6.368
Бетховен,15635,1991,7.274
Охотник на монстров,1038789,2020,5.822
Рок-волна,416824,2009,7.912
Власть страха,4266,1999,7.381
Мистериум. Журнал 64,1045598,2018,7.491
13 минут,1289900,2021,6.175
Орудия,6782779,2025,7.032
Спуск,103412,2005,6.779
Четыре хороших дня,1265948,2020,7.288
По семейным обстоятельствам,43007,1978,8.338
Новогодние приключения Маши и Вити,252037,1975,7.963
Тёмное наследие,1208499,2020,6.41
Дикая,673428,2014,7.187
Рождество на двоих,1170018,2019,6.862
Подземелья и драконы: Честь среди воров,762646,2023,7.426
Флешбэк,1355142,2021,6.644
Пила 2,86206,2005,7.359
Союз Спасения,972740,2019,5.942
Взрывная блондинка,714564,2017,6.49
Хакер,797601,2014,6.678
Правдивая ложь,2219,1994,7.78
Собибор,905031,2018,6.586
Гордость и предубеждение и зомби,491816,2015,6.121
Знакомство с Факерами 2,409146,2010,6.266
Трудности перевода,5930,2003,7.223
Чужой: Ромул,4887347,2024,6.909
Наркоз,37547,2007,7.555
Идиократия,77720,2005,6.605
Золотой компас,91843,2007,6.615
Заговор дьявола,1238170,2022,5.813
Последняя любовь на Земле,467110,2010,7.652
Управление гневом,303,2003,7.135
Кибертакси,6613962,2024,7.419
Первобытный страх,2962,1996,7.774
Аменгер,8804905,2025,8.147
Последняя дуэль,1289738,2021,7.362
Девятые врата,11637,1999,7.349
Элвин и бурундуки 2,414987,2009,5.745
Паранормальное явление,404366,2007,6.556
Соломон Кейн,279791,2009,6.248
Пес Барбос и необычный кросс,161339,1961,8.174
Притворись моим парнем,685514,2012,6.866
Час пик 2,812,2001,7.421
Бабушка лёгкого поведения 2. Престарелые мстители,1162846,2019,5.353
Крид: Наследие Рокки,782932,2015,7.129
Культурная комедия,5309059,2024,7.058
Путешествие к центру Земли,252903,2008,6.718
Обитель зла 4: Жизнь после смерти 3D,409208,2010,6.064
Молода и прекрасна,743392,2013,6.678
Страшная воля богов,811603,2014,6.575
Побочный эффект,623744,2013,6.987
Я видел дьявола,497027,2010,7.631
Сила воли,823705,2016,7.541
Пункт назначения 2,669,2003,7.114
ДМБ,41133,2000,7.867
Квант милосердия,258475,2008,6.678
Герой,1115467,2019,6.603
Извержение,1222769,2019,6.724
Астрал: Глава 2,666804,2013,6.473
Падение ангела,1007842,2019,6.743
Белый тигр,573602,2012,5.92
Девятаев,1249213,2021,7.045
Малышка на драйве,1271142,2022,7.44
Хитмэн: Агент 47,737668,2015,5.692
Микки 17,1320476,2025,6.745
Шоугелз,5954,1995,6.957
Сбежавшая невеста,2520,1999,6.908
Письма к Джульетте,461799,2010,7.197
300 спартанцев: Расцвет империи,418839,2013,6.564
Как украсть миллион,10156,1966,8.2
Фантастическая четверка: Вторжение Серебряного серфера,178557,2007,6.516
Убийцы цветочной луны,1077781,2023,7.145
Я шагаю по Москве,42398,1963,8.089
Мачеха,1949,1998,8.092
Патриот,781,2000,7.949
Свидание с монстром,4514472,2023,6.425
Эрин Брокович,661,2000,7.868
Корабль-призрак,5901,2002,6.995
Стыд,569153,2011,6.58
Ряд 19,1330041,2021,6.214
Мумия: Гробница императора драконов,276638,2008,6.162
Итальянские каникулы,1338454,2020,7.199
Красавчик,279627,2007,7.535
Ёлки 3,652659,2013,6.476
Война Богов: Бессмертные,418840,2011,5.905
Замёрзшие,432713,2010,6.256
Как украсть небоскреб,195223,2011,6.726
Пастырь,258759,2011,5.984
Хребет дьявола,662,2001,7.097
Телефонные мошенники,1370480,2023,7.319
Затерянный город Z,432794,2016,6.651
Вечеринка на вылет,4369515,2022,6.328
Мадам Парфюмер,1347630,2019,7.299
Шаг вперед 2: Улицы,310960,2008,7.282
13 грехов,624156,2013,6.586
Побег из Таркова. Рейд,4442819,2021,6.631
Свет в океане,722995,2016,7.396
Комната страха,780,2002,7.273
Стюарт Литтл,5327,1999,6.8
Афера под прикрытием,463464,2016,7.21
13-й район: Ультиматум,418794,2009,6.626
"7 дней, 7 ночей",5377801,2024,7.27
128 ударов сердца в минуту,841743,2015,6.865
Ауру,8946904,2025,7.615
Первый день моей жизни,1138971,2023,7.753
Ужасающий,860537,2016,5.88
Телекинез,675631,2013,5.9
Ответственная гражданка,4710734,2023,7.526
Смертельная гонка,102136,2008,7.077
Чужой 3,2286,1992,6.878
Дитя тьмы,400615,2009,6.854
Коллекционер 2,571252,2012,6.249
Бобро поржаловать!,391735,2008,7.805
Отдохнуть по-людски,5629413,2025,6.407
Хеллбой II: Золотая армия,81472,2008,7.062
Сколько у тебя?,462495,2011,6.714
Гоголь. Вий,1100779,2018,6.315
Территория,601933,2014,7.159
Крысиные бега,797,2001,7.169
Томирис,1127372,2019,7.885
Проклятие «Зов могилы»,5309411,2024,6.812
Агент Ева,1189368,2019,6.346
Город воров,462732,2010,7.375
Взрослые игры,987190,2017,6.16
Особенности национальной охоты в зимний период,40893,2000,7.067
Чужой против Хищника,41949,2004,6.327
При чём тут любовь?,1449103,2022,7.366
Чернобыль,1249198,2020,4.786
Мужчины со слабостями,1151998,2019,7.335
Город тайн,1217828,2020,6.88
22 мили,921938,2018,6.416
Сын богача,8251723,2025,8.253
Американский пирог 2,587,2001,7.009
Челюсти,396,1975,7.324
Особо опасный пассажир,5451418,2024,6.369
Гитлер капут!,396473,2008,2.563
Десять негритят,44156,1987,8.163
Скиф,972741,2018,6.969
Мартовские иды,462482,2011,7.004
Они,1021116,2018,6.159
"Укради жениха, если сможешь",8721950,2025,8.12
Альфа,934956,2018,6.756
Осень в Нью-Йорке,16953,2000,7.324
Артист,539550,2011,7.959
Новая эра Z,902223,2016,6.227
Британский психопат,1179007,2019,7.054
Гостья,477647,2013,6.42
Воровка книг,757898,2013,7.808
Ирония судьбы в Голливуде,4448487,2022,6.765
Коломбиана,523122,2011,6.716
Нерв,889091,2016,6.493
Человек-невидимка,420454,2020,6.418
King’s Man: Начало,1045056,2021,5.893
Чудесный призрак,1112578,2018,7.154
Скрижали судьбы,810310,2016,7.307
Творение Господне,233084,2004,8.313
Хищник: Планета смерти,5463792,2025,7.345
13,255394,2009,6.853
Красавица и чудовище,674218,2014,6.625
Белые цыпочки,51605,2004,6.425
Миллиард,1097478,2019,4.975
Годзилла 2: Король монстров,840045,2019,5.963
Яркость,978838,2017,6.473
Одно целое,7088374,2025,6.352
Прерванная жизнь,5058,1999,7.805
Жизнь впереди,1006733,2017,6.041
Боевой робот номер 4,1037479,2020,6.255
Рассвет мертвецов,36544,2004,7.262
Бурлеск,461904,2010,7.468
Крестный отец 3,4500,1990,7.912
Проклятие Аннабель,808062,2014,5.802
Бендер: Последняя афера,4450232,2021,7.249
Дыши ради нас,980347,2017,8.054
Большая афера,696154,2013,7.349
Вокруг света за 80 дней,6297,2004,7.049
Время убивать,1965,1996,7.874
Класс,320230,2007,7.803
Игла,42576,1988,7.316
Мелочи жизни,5453069,2024,6.802
"Куда ты пропала, Бернадетт?",702904,2019,7.256
Обитаемый остров,257774,2008,4.333
Дуэлянт,840234,2016,6.854
Криминальный город: Разборки в Пусане,4961757,2023,7.59
Ирония судьбы. Продолжение,276261,2007,5.148
Флирт с дьяволом,4502184,2021,6.086
Миссия: невыполнима 3,9552,2006,7.033
Ловушка для родителей,6522,1998,7.373
Любите Куперов,669958,2015,6.758
Лолита,12131,1997,7.554
Хранитель времени,462247,2011,6.942
В доме,596266,2012,7.215
Халк,7962,2003,6.15
Помпеи,588839,2014,6.188
Ужасающий 3,5411536,2024,6.278
На Западном фронте без перемен,316376,2022,7.611
Защитники,841813,2017,2.84
Грейхаунд,1055194,2020,7.09
Месть,7574368,2025,7.731
Русалка и дочь короля,708187,2021,6.904
Самый лучший фильм,277385,2007,3.103
Армагеддец,410299,2013,6.75
Пирамммида,464942,2011,6.872
Бармен,777032,2015,6.261
Путешествие 2: Таинственный остров,453367,2012,6.335
Плохой Санта,1828,2003,7.38
14+,781432,2015,6.673
Возвращение,47040,2003,7.851
С меня хватит,1934,2002,7.113
Акула: Начало,4453477,2021,7.444
СуперБобровы,893814,2016,5.038
Близость,61324,2004,7.18
На острие,1311064,2020,7.998
Скрюченный домишко,591790,2017,6.798
Воспоминания,811078,2021,6.588
Стукач,586297,2012,6.857
El Camino: Во все тяжкие,1209193,2019,7.182
Один вдох,1112295,2020,7.669
Научи меня жить,5407936,2023,7.616
Гран туризмо,1044002,2023,7.631
Каспер,7098,1995,7.192
Женитьба Бальзаминова,45300,1964,8.143
Бэтмен,4205,1989,7.52
Остров,257337,2006,7.928
Хочу замуж,4467988,2022,6.948
Пипец 2,520648,2013,6.212
Кон-Тики,506432,2012,7.338
Скандал,1161271,2019,6.685
Воздушная тюрьма,6113,1997,7.562
Аллея кошмаров,1125892,2021,7.054
Охотник за головами,462662,2010,6.691
Джой,713051,2015,6.793
В сердце моря,463893,2015,7.231
Отчаянные дольщики,4473129,2021,6.503
Поездка в Америку,5281,1988,7.702
Мачете,467553,2010,6.456
Инопланетянин,544,1982,7.787
«Весёлые» каникулы,492171,2011,7.123
Эскобар,929885,2017,6.646
Дети шпионов 3: Игра окончена,2207,2003,5.272
Свидетели,5965493,2025,6.622
"Шпион, который меня кинул",1044982,2018,6.237
Ты не ты,715319,2014,7.459
Охота,1122129,2019,6.648
Шерлок Холмс и доктор Ватсон: Двадцатый век начинается,77267,1986,8.325
Тихий Дон,42248,1957,8.362
Сын отца своего,9163002,2025,8.123
Обитель зла: Последняя глава,726753,2016,5.431
Жених напрокат,463149,2011,6.293
Никогда не сдавайся,311268,2008,7.626
Мое любимое привидение,5902043,2024,7.519
Воспоминания убийцы,983082,2017,7.21
Лучший стрелок,7360,1986,7.062
7 причин влюбиться,11122387,2026,8.849
Временные трудности,972745,2017,6.152
Вий 3D,229069,2014,5.702
Поворот не туда,4901,2003,6.681
Третий лишний 2,731691,2015,5.967
Здоровый человек,2000122,2022,7.352
Заманback,6648593,2024,8.002
Doom,84140,2005,5.907
Миссия: невыполнима 2,3447,2000,6.826
Отверженные,566055,2012,7.907
Чемпион из Освенцима,1328678,2020,7.528
Между нами горы,667687,2017,6.842
Ночь в музее: Секрет гробницы,737543,2014,6.599
Охотники за привидениями,425673,2016,4.416
Варяг,1313198,2022,6.613
Один дома 3,20789,1997,5.705
Киллер-хранитель,4880777,2022,7.326
Воды слонам!,462342,2011,7.552
Секс в большом городе,281869,2008,6.9
Бесстрашный,102161,2006,8.046
Правда или действие,1045590,2018,5.786
Миа и белый лев,1165797,2018,8.021
Братья Систерс,968375,2018,7.099
Элла и чёрный ягуар,4815574,2024,8.059
Эксперимент «Офис»,893603,2017,6.208
Смертельное оружие,15061,1987,7.956
2067: Петля времени,609581,2020,6.029
Король и Шут. Навсегда,5613471,2026,6.808
Расправь крылья,1256482,2019,8.352
Мне не больно,178722,2006,7.175
Убойный футбол,833,2001,6.987
Три метра над уровнем неба: Я тебя хочу,603616,2012,6.704
Джиперс Криперс,7316,2001,6.775
Приют,119975,2007,7.092
Принц пустыни,4987235,2023,8.001
Шалун,87706,2006,6.291
Август Раш,86566,2007,7.981
Одиноким предоставляется общежитие,42727,1983,8.239
Мне бы в небо,464130,2009,7.296
Нечего терять,6124,1997,7.766
Блэйд 2,613,2002,6.849
Выкрутасы,471158,2010,6.312
Болган окига,9398596,2025,8.365
Коко до Шанель,325701,2009,7.404
Бой с тенью,81485,2005,6.618
Напарник,921501,2017,6.079
Эван Всемогущий,103791,2007,6.126
Маленькая мисс Счастье,164089,2006,7.475
Ромовый дневник,47093,2010,6.566
Классик,41242,1998,8.073
Доказательство смерти,273064,2007,7.075
Партенопа,5504261,2024,6.768
Умник,1093831,2018,7.82
Голый пистолет,4067,1988,7.366
Мамма MIA!,276478,2008,7.205
Логово монстра,799482,2017,6.496
Наёмник,708386,2017,6.478
Три мушкетёра: Миледи,1436449,2023,7.022
Коллектор,932512,2016,7.017
Шпион по соседству,431539,2009,6.238
Коллекторша,1172994,2019,6.667
Скин,1140565,2018,7.077
Пятьдесят оттенков свободы,893488,2018,5.41
Союзники,915140,2016,7.158
Скажи ей,1281999,2020,7.316
Мерзлая земля,601483,2011,6.573
Голос улиц,462867,2015,7.931
Покорители волн,546244,2012,7.918
Смотри на меня!,5445502,2024,7.845
Достать ножи: Воскрешение покойника,4421816,2025,7.221
Ларго Винч: Начало,274730,2008,7.07
"Порнолоджи, или Милашка как ты",809733,2020,6.176
Сказки Гофмана,2000119,2022,7.03
Носферату,1048253,2024,6.45
Возвращение в Сайлент Хилл,5268266,2025,5.178
Приговор,418847,2010,7.709
Пришельцы,14297,1993,7.643
Как выйти замуж за 3 дня,427884,2009,7.143
Чучело,45524,1983,8.037
Джуно,197488,2007,7.226
Чумовая пятница,7091,2003,7.033
Лето 1941 года,4900713,2022,7.536
Любовь со второго взгляда,5447041,2024,6.627
Короли улиц,81750,2008,7.234
Аксель,989641,2017,6.157
Игра в лифте,5024429,2023,5.48
Горизонты: Часть 1,4843937,2024,7.222
Затерянный город,4308624,2022,6.208
Последняя смена,770917,2014,5.734
Кукла,883748,2015,6.117
Паранойя,252268,2007,7.442
Молда,7055773,2025,8.179
Гипнотик,1319157,2023,6.766
Полночь с дьяволом,5024418,2023,6.204
Заклятье. Дом 32,1303058,2020,5.882
Легенды наших предков,6095404,2025,7.646
Монстр,6177,2003,7.117
Грешники,5499518,2025,6.661
Новые мутанты,910085,2020,5.593
Запрос в друзья,810130,2015,5.474
Перси Джексон и Море чудовищ,581932,2013,6.25
Прогулка среди могил,596274,2014,6.617
Спуск 2,417879,2009,6.013
Талли,977383,2017,7.105
Химера,397244,2009,5.783
Добыча,4324674,2022,6.574
Фуриоса: Хроники Безумного Макса,1388409,2024,7.142
Шесть демонов Эмили Роуз,84967,2005,7.176
Бессонница,712,2002,7.365
В ловушке,5454708,2023,6.049
Чёрный Адам,1009017,2022,6.074
Крутые меры,678233,2016,6.855
Исчезнувший,1436464,2021,6.262
Холоп из Парижа,5949652,2024,6.217
Рассказы,656093,2012,7.095
Параллельные миры,481086,2011,6.458
Пила: Спираль,1266725,2020,5.466
Небоскреб,1041734,2018,6.086
Опасный метод,493194,2011,6.622
Чёрная Пантера: Ваканда навеки,1199773,2022,6.169
Клуб «Завтрак»,21844,1985,7.994
Холоп. Великолепный век,5495322,2024,6.458
Каникулы,484426,2015,6.464
Мертвец,2272,1995,7.864
Орел и решка. Кино,4642823,2021,4.957
Гагарин. Первый в космосе,676361,2013,7.115
Джей и Молчаливый Боб наносят ответный удар,719,2001,7.178
Неспящие в Сиэттле,1573,1993,7.687
Qazaq Alemi,6700462,2024,7.974
Спутник,1162604,2020,6.341
Рестлер,402514,2008,7.555
Мизери,1574,1990,7.747
Старик Хоттабыч,43976,1956,7.879
Спайс бойз,1325574,2019,6.731
Под водой,1031442,2019,6.074
Тариф Новогодний,406141,2008,7.124
Город Эмбер: Побег,279916,2008,6.788
Родной очаг,8738137,2025,8.299
Пила X,5080630,2023,6.892
Тайный Санта,4901797,2022,7.067
"Здравствуй, папа, Новый год!",484428,2015,6.417
Орел Девятого легиона,455353,2010,6.842
Тайлер Рейк: Операция по спасению,1190387,2020,6.878
Minecraft в кино,838574,2025,6.034
Девятая,972742,2019,6.831
Звезда,41360,2002,7.96
Удача Логана,980011,2017,6.879
Римские приключения,585340,2012,7.012
Без чувств,5084,1998,7.418
Втроём,5119634,2024,7.289
Долгая прогулка,1290942,2025,6.465
Закатать в асфальт,1040748,2018,7.045
Середина 90-х,1040690,2018,7.377
Американский пирог 3: Свадьба,4300,2003,7.037
Обещать – не значит жениться,392557,2008,7.104
SuperАлиби,977842,2016,6.831
Турецкий гамбит,40775,2005,7.239
За нас с вами,4856092,2023,7.316
Марафон желаний,1228547,2020,5.82
Пила 3,184417,2006,7.038
Девушка из Дании,431148,2015,6.963
Ошибка времени,736209,2014,6.786
Красотка на взводе,1262095,2021,6.358
Конец света 2013: Апокалипсис по-голливудски,462514,2013,6.083
Необычайные приключения Адель,462666,2010,6.372
Шаг вперёд: Всё или ничего,734276,2014,6.389
Связь,760829,2012,6.98
72 часа,842524,2015,7.315
Контакт,1950,1997,7.924
Лето,1009413,2018,7.396
Мэверик,4378,1994,8.067
Тёмные отражения,991097,2018,6.182
Остров на троих,79893,2005,5.982
Белый снег,1345722,2021,8.05
Новейший завет,840470,2015,6.853
Хантер Киллер,589787,2018,6.494
Вавилон Н.Э.,9458,2008,6.101
Сторож,1046033,2019,6.624
Сибирский цирюльник,16445,1998,7.863
Типа копы,760469,2014,6.62
Сердце Ангела,7471,1987,7.383
Париж. Всё включено,5355835,2023,7.049
"Все умрут, а я останусь",412248,2008,5.782
Жизнь задом наперед,302080,2007,7.745
Дьявол,464168,2010,6.717
Небесная команда,4390405,2021,7.652
Простые сложности,424037,2009,7.246
Рекрут,306,2003,7.324
В гостях у Элис,987151,2017,6.711
Собачья жизнь 2,1122114,2019,8.085
Чужой 4: Воскрешение,3935,1997,6.676
Дело было в Пенькове,44123,1957,8.351
Герой наших снов,5119522,2023,6.242
Джиа,77036,1998,7.857
Центурион,437833,2009,6.699
Триггер: Экстра,5431108,2023,7.904
На цепи,10956019,2025,7.192
Франкенштейн,464475,2025,7.383
Дитя робота,1067645,2018,6.751
Иные,1178683,2018,6.657
Жездуха Кореяда,9840080,2025,7.601
База «Клейтон»,4572,2003,7.304
13-й воин,10273,1999,7.431
Неукротимая страсть,5053788,2023,6.734
Крик 4,420072,2011,6.118
Королева бензоколонки,44927,1962,7.97
Эволюция Борна,409194,2012,6.624
Первая ведьма,1145122,2019,6.085
Аферисты Дик и Джейн,61438,2005,7.025
Ганнибал: Восхождение,50948,2006,6.927
Кролик Питер,968043,2018,7.121
Банши Инишерина,1354524,2022,7.49
Вонка,1013343,2023,7.152
Президент Линкольн: Охотник на вампиров,502302,2012,5.942
Сказка о потерянном времени,43811,1964,8.182
Золушка,45398,1947,8.101
Женщины,272014,2008,6.463
Солдат Джейн,2609,1997,7.252
Легенды Саванны,1139480,2018,7.193
Непослушник,4290071,2022,6.448
Макс Пэйн,195608,2008,6.076
Как выйти замуж за миллиардера,470447,2010,6.918
Ресторан без имени,1108800,2022,7.555
Лига выдающихся джентльменов,7975,2003,6.887
Мой шпион,1179073,2020,7.043
Моя ужасная няня 2,458233,2010,6.45
Голубая пещера,6423989,2024,6.965
День независимости: Возрождение,505827,2016,5.44
Бабадук,675216,2014,5.743
Три девятки,565861,2015,6.309
Иррациональный человек,840992,2015,6.849
Ларри Краун,496839,2011,6.922
Охотники на гангстеров,468564,2013,6.999
Досье «Чёрная канарейка»,4993393,2024,6.591
Уцелевший,4786340,2023,6.851
Агент Джонни Инглиш,7983,2003,6.722
101 далматинец,2380,1996,6.831
Баллада Бастера Скраггса,1008879,2018,7.214
Нимфоманка: Часть 2,813476,2013,6.831
Завтрак у папы,913506,2015,6.714
Братство,1114965,2019,6.892
Август,462273,2013,7.397
Вирус,766637,2013,6.882
Соучастник,61325,2004,7.448
Из 13 в 30,5842,2004,6.889
"Поймай толстуху, если сможешь",606698,2013,6.242
Кристофер Робин,1033352,2018,7.409
Королевская битва,604,2000,7.27
Убийство на яхте,505995,2019,6.397
Эта замечательная жизнь,348,1947,8.447
Земля кочевников,1238506,2020,7.215
Совокупность лжи,281449,2008,7.205
Дети шпионов 2: Остров несбывшихся надежд,842,2002,6.17
Смешанные,760565,2014,6.806
Доброе утро,437040,2010,7.151
Планета обезьян,4375,2001,6.774
14+ Продолжение,4489519,2023,5.886
Тайное влечение,647453,2012,6.708
Один настоящий день,5047485,2022,7.146
Несносные леди,923901,2016,6.451
Таптым-ау сені 2,6441871,2024,7.652
"Угадай, кто?",47257,2005,7.105
Хочу как ты,471587,2011,6.747
Рэй,5319,2004,8.051
"Огонь, вода и ... медные трубы",42747,1967,8.122
Старый Генри,4293245,2021,7.079
Календарь дьявола,1388586,2020,6.366
Счастливого нового дня смерти,1121425,2019,6.209
Идеальный дворец Фердинанда Шеваля,1077074,2017,8.035
Код доступа «Кейптаун»,507818,2012,6.846
Ягуар,14292,1996,7.343
Гретель и Гензель,1209712,2020,5.903
Выжить в Калахари,5453737,2024,5.663
Влюблен по собственному желанию,45798,1982,8.138
Затащи меня в Ад,405514,2009,6.128
Щелкунчик и четыре королевства,975292,2018,6.176
Виктория,1438350,2020,7.375
Безмолвное братство,6021005,2024,6.747
Одноклассники 2,663191,2013,6.043
Серена,462525,2014,6.336
Пункт назначения 3,89674,2006,6.355
Максин XXX,5103848,2024,6.018
Шоколад,889858,2015,7.352
Ритмы мечты,5965591,2025,8.171
Принц из рая,5082344,2023,6.698
Леди Бёрд,958293,2017,7.007
Из ада,677,2001,7.492
Семь лет в Тибете,5423,1997,7.795
Меня зовут Кхан,406340,2010,8.097
Парк Юрского периода 2: Затерянный мир,1060,1997,7.029
Я слежу за тобой,1405964,2024,7.06
"Мама, я дома",4517648,2021,6.855
Ангелы Чарли,633,2000,6.583
Рэмбо: Первая кровь 2,6352,1985,6.752
Инопланетное вторжение: Битва за Лос-Анджелес,427542,2011,5.756
Охотники за привидениями 2,2461,1989,7.58
Отчаянный,8826,1995,7.67
Освобождение: Огненная дуга,94296,1968,8.469
Скайлайн,493223,2010,4.727
Цена страсти,484621,2011,7.179
"Я, Франкенштейн",461934,2013,5.278
Весури,1344498,2019,7.216
Экстрасенс,542668,2011,6.749
Рубеж,1002714,2017,6.883
Виктор Франкенштейн,596985,2015,6.192
Город ангелов,4171,1998,7.87
Родня,42115,1981,8.085
Сын,4472975,2022,7.256
Джули и Джулия: Готовим счастье по рецепту,402542,2009,7.631
Сожалею о тебе,8075521,2025,7.123
Глубокое синее море,9528,1999,6.998
Шаг вперед 3D,409185,2010,7.212
Эволюция,5413,2001,6.985
"Весна, лето, осень, зима... и снова весна",47814,2003,7.942
Республика ШКИД,42088,1966,8.321
Доспехи Бога 3: Миссия Зодиак,654749,2012,6.503
Оно. Новая глава,5939992,2024,6.281
Худший человек на свете,4479538,2021,7.068
Андрей Рублев,8385,1966,8.235
О чем на самом деле «Анора»,6801868,2024,7.192
Быстрее ветра,7374031,2025,7.58
Ты умеешь хранить секреты?,1178301,2019,6.333
Поезд на Дарджилинг. Отчаянные путешественники,278185,2007,7.161
Взвод,468,1986,8.001
Седьмой сын,408396,2014,5.835
Деревья на асфальте,567118,1984,8.697
Пункт назначения 5,506349,2011,6.069
Экстаз,1118214,2018,6.857
Папа-досвидос,462884,2012,6.142
Пираньи 3D,171728,2010,5.349
16 кварталов,101711,2006,7.288
Пара на праздники,1245693,2020,6.638
Дамбо,841636,2019,6.841
Операция «Валькирия»,309475,2008,7.376
Мулен Руж,558,2001,7.852
Страшные сказки,808175,2015,6.444
Райское озеро,373158,2008,6.916
Запретное царство,271999,2008,7.171
Бандитки,81102,2006,6.748
Забирая жизни,23148,2004,7.158
Мидуэй,1045457,2019,6.998
Кровавый четверг,15641,1998,7.848
Отпетые напарники,689957,2015,6.497
Конан-варвар,261271,2011,5.727
Геймер,325393,2009,6.615
Знахарь,80749,1981,8.173
Рубеж выживания,975402,2023,5.5
Подарок,888304,2015,6.452
Штурм Белого дома,675649,2013,6.627
Главная роль,1344821,2021,7.021
Кома,933208,2020,6.477
Ип Ман 3,762466,2015,7.388
Девять ярдов 2,8047,2003,6.895
Громовержцы*,5001443,2025,6.772
Хозяин морей: На краю Земли,5565,2003,7.638
На войне как на войне,46285,1968,8.573
Великая красота,677566,2013,7.776
Живой,256503,2006,7.086
Рэкетир,398936,2007,7.666
Как приручить дракона,5267432,2025,8.044
Так близко к горизонту,1205590,2019,7.056
Нечисть,4778700,2023,6.213
У холмов есть глаза,160931,2006,6.57
Прошлые жизни,1346482,2023,7.381
Он вам не Димон,1043713,2017,9.152
Ужас Амитивилля,63732,2005,6.708
Матильда,705382,2017,5.847
Примадонна,843562,2016,7.327
Открытое море: Игра на выживание,5073073,2023,5.962
Полный облом,220497,2006,7.102
Хлоя,438890,2009,6.774
Я богиня,5088693,2023,6.806
Мисс Конгениальность,755,2000,7.087
Пункт назначения 4,405753,2009,5.658
Про уродов и людей,7650,1998,7.064
Яга. Кошмар тёмного леса,1124682,2020,5.699
Видок,872,2001,7.164
Битлджус Битлджус,623807,2024,6.973
Всегда,635370,2011,8.167
Елена,501958,2011,7.214
Король вечеринок,6519,2001,7.009
Хроника,559242,2012,6.691
Лето. Одноклассники. Любовь,495017,2011,5.976
Астерикс и Обеликс в Британии,501172,2012,5.789
Код Красный,1102365,2018,7.339
Бункер,48246,2004,7.812
Заступник,1152767,2020,6.387
Вершина страха,1163031,2022,6.685
Девушка с татуировкой дракона,402099,2009,7.707
Три,1445078,2020,6.399
Рождество кота Боба,1338020,2020,7.86
Другой мир: Восстание ликанов,258772,2008,6.834
Шопоголик,395679,2009,6.676
Четвёртый вид,410267,2009,6.231
Поцелуй дракона,727,2001,7.693
Идеальный побег,281409,2009,6.92
Любовь,842227,2015,6.378
Этот неловкий момент,663695,2015,6.328
Одна,4497446,2021,6.634
"Умри, моя любовь",5312505,2025,5.867
Красная жара,2697,1988,6.774
Тополиный пух,5363159,2023,6.718
Вавилон,1283955,2022,7.435
Час пик 3,22978,2007,7.028
G.I. Joe: Бросок кобры 2,494839,2013,5.794
Гнев Титанов,518128,2012,5.992
Миллион способов потерять голову,722886,2014,6.26
В осаде,4053,1992,7.335
Царь скорпионов,3665,2002,6.591
Цыпочка,314,2002,6.868
Олигарх,38795,2002,7.298
Короче,462200,2017,5.742
Большая гонка. Ауди против Лянчи,4965334,2024,6.785
Клуб любителей книг и пирогов из картофельных очистков,467760,2018,7.657
8 женщин,580,2001,7.614
Геракл,461958,2014,6.024
Волшебная страна,4511,2004,7.875
Короче говоря,1302363,2020,7.319
Проект «Адам»,714185,2022,6.611
Помнить,868982,2015,7.743
Молчание ангелов,5234126,2023,6.417
Три икса: Мировое господство,428709,2016,5.329
Если только,23275,2003,7.605
Любовь не по размеру,915039,2016,6.972
Игра на выживание,580679,2012,6.335
Джек – покоритель великанов,462453,2013,6.312
Плохой парень и я,6081178,2024,7.023
Операция «Мертвый снег»,426314,2009,5.766
Волчок,461862,2009,6.987
Тайна в их глазах,568355,2015,6.774
Папа из спецназа,4477115,2023,6.298
Уличный кот по кличке Боб,930442,2016,7.757
Анон,979121,2017,6.428
Форсаж 10,959062,2023,5.996
Фея,1254046,2019,6.913
Асса,43545,1987,7.888
Чёрный телефон,4368595,2021,6.656
Элвин и бурундуки 3,502036,2011,5.34
Ведьма,865302,2015,6.648
28 лет спустя,5445182,2025,6.125
